{"stats":{"minecraft:killed":{"alexsmobs:lobster":81,"chileancraft:paco":2,"minecraft:cod":13,"minecraft:skeleton":201,"minecraft:chicken":26,"alexsmobs:centipede_head":1,"alexsmobs:skelewag":5,"minecraft:tropical_fish":2,"chileancraft:reineta":2,"minecraft:salmon":5,"chileancraft:macha":4,"minecraft:pillager":12,"minecraft:donkey":5,"minecraft:zombie":266,"alexsmobs:cachalot_whale":1,"minecraft:glow_squid":3,"minecraft:cow":31,"alexsmobs:raccoon":1,"alexsmobs:seagull":1,"chileancraft:mujer_mapuche":1,"alexsmobs:catfish":2,"alexsmobs:giant_squid":1,"chileancraft:jaiba":2,"minecraft:enderman":13,"minecraft:witch":1,"minecraft:spider":339,"chileancraft:trompo":1,"minecraft:turtle":1,"minecraft:pig":43,"minecraft:zombie_villager":3,"minecraft:creeper":84,"minecraft:sheep":39,"minecraft:trader_llama":6,"alexsmobs:terrapin":1,"alexsmobs:fly":5,"minecraft:slime":14,"minecraft:phantom":3,"alexsmobs:bison":4,"minecraft:drowned":79,"chileancraft:mapuche_hombre":2,"alexsmobs:flying_fish":4,"chileancraft:paco_ffee":2,"minecraft:squid":19,"alexsmobs:cockroach":1},"minecraft:dropped":{"chileancraft:semilla_de_a_ji_cacho_de_cabra":4,"minecraft:clay":1,"minecraft:iron_sword":1,"minecraft:cooked_beef":1,"chileancraft:semilla_de_tomate_limachino":1,"minecraft:glass_bottle":1,"minecraft:crafting_table":1,"minecraft:saddle":1,"minecraft:dirt":32,"chileancraft:remolino":3,"minecraft:yellow_dye":1,"chileancraft:lanza_2":3,"minecraft:sand":2,"minecraft:iron_pickaxe":1,"chileancraft:copper_nugget":4,"minecraft:fishing_rod":1,"minecraft:white_wool":3,"minecraft:bone":10,"minecraft:stone_axe":8,"minecraft:iron_nugget":3,"minecraft:cooked_chicken":3,"minecraft:cobbled_deepslate":350,"alexsmobs:animal_dictionary":1,"minecraft:wheat":3,"minecraft:birch_sapling":2,"minecraft:obsidian":5,"minecraft:rotten_flesh":236,"minecraft:oak_planks":1,"chileancraft:tinaja_de_greda_cocida":2,"minecraft:azure_bluet":1,"minecraft:white_bed":2,"minecraft:salmon":76,"minecraft:charcoal":9,"minecraft:jungle_log":340,"minecraft:ladder":2,"chileancraft:telar_top":2,"minecraft:spruce_slab":2,"iammusicplayer:cassette_tape":2,"minecraft:egg":6,"minecraft:iron_ingot":9,"minecraft:enchanted_book":2,"chileancraft:ropa_de_huaso_helmet":2,"minecraft:wheat_seeds":38,"minecraft:tnt":1,"chileancraft:plato_bajo_de_greda_cocida_item":1,"minecraft:feather":3,"minecraft:cobblestone":48,"chileancraft:semilla_de_uva_red_globe":3,"minecraft:oxeye_daisy":1,"minecraft:wooden_axe":2,"minecraft:cooked_salmon":1,"minecraft:potion":1,"chileancraft:semilla_de_choclo":2,"minecraft:oak_stairs":6,"minecraft:white_banner":1,"chileancraft:ruda":1,"chileancraft:mentolatum":1,"minecraft:string":16,"cfm:stripped_birch_chair":1,"minecraft:spruce_sapling":5,"minecraft:stone_sword":2,"minecraft:stone_shovel":1,"chileancraft:manzanilla":2,"chileancraft:semilla_de_uva_moscatel":3,"minecraft:shears":1,"minecraft:pumpkin_seeds":11,"minecraft:blast_furnace":1,"minecraft:diamond_sword":2,"chileancraft:plato_hondo_de_greda_cocida_item":2,"minecraft:potato":7,"minecraft:spruce_boat":1,"minecraft:spruce_planks":1,"chileancraft:doca":16,"minecraft:diamond_pickaxe":1,"minecraft:brown_bed":1,"minecraft:spider_eye":4,"minecraft:light_gray_dye":1,"minecraft:sandstone":42,"minecraft:bow":15,"minecraft:moss_block":10,"minecraft:brown_mushroom":1,"minecraft:oak_log":7,"minecraft:ender_pearl":1,"minecraft:honeycomb":2,"chileancraft:diguenes":3,"minecraft:black_banner":1,"cfm:stripped_oak_table":2,"minecraft:gold_ingot":2,"minecraft:gravel":116,"chileancraft:ropa_mapuche_0_chestplate":1,"minecraft:poppy":1,"chileancraft:semilla_de_aji_verde":3,"chileancraft:uniforme_paco_helmet":1,"minecraft:arrow":38,"alexsmobs:banana":2,"minecraft:bread":1,"minecraft:lead":2,"minecraft:stick":2,"chileancraft:curanto":1,"minecraft:blue_dye":1,"chileancraft:pinones":8,"minecraft:milk_bucket":1,"travelersbackpack:spider":1,"minecraft:flowering_azalea":1,"minecraft:iron_axe":1,"chileancraft:olla_de_greda_cocida":3,"minecraft:tripwire_hook":1,"minecraft:dandelion":1,"alexsmobs:maggot":1,"minecraft:kelp":1,"minecraft:sweet_berries":9,"minecraft:coarse_dirt":12,"minecraft:tuff":64,"minecraft:composter":2,"minecraft:flint_and_steel":1,"chileancraft:semilla_de_cebolla":4,"minecraft:filled_map":2,"minecraft:shield":1,"alexsmobs:lobster_tail":2,"minecraft:diamond_chestplate":1,"minecraft:oak_sapling":1,"minecraft:stone_pickaxe":2},"minecraft:picked_up":{"minecraft:seagrass":5,"minecraft:iron_chestplate":15,"minecraft:flower_pot":3,"minecraft:lead":40,"minecraft:diamond_sword":3,"minecraft:oak_stairs":10,"minecraft:brown_bed":28,"minecraft:enchanted_book":9,"minecraft:amethyst_block":3,"minecraft:string":189,"minecraft:cooked_salmon":4,"chileancraft:molotov_muy_real":2,"minecraft:pufferfish":65,"minecraft:cobbled_deepslate":3569,"minecraft:spruce_planks":507,"minecraft:melon_slice":38,"minecraft:composter":2,"minecraft:acacia_log":8,"chileancraft:jaiva_cruda":2,"minecraft:lightning_rod":2,"chileancraft:uva_pais":1,"chileancraft:tronco_de_araucaria":4,"alexsmobs:centipede_leg":3,"chileancraft:semilla_de_cebolla":25,"minecraft:stone_sword":3,"minecraft:tropical_fish":22,"minecraft:red_tulip":4,"minecraft:carved_pumpkin":1,"minecraft:white_terracotta":1,"alexsmobs:flying_fish":4,"alexsmobs:lobster_tail":40,"minecraft:birch_log":45,"minecraft:feather":57,"minecraft:cooked_beef":127,"minecraft:iron_door":40,"minecraft:water_bucket":14,"minecraft:jungle_log":527,"minecraft:brown_wool":4,"alexsmobs:bison_fur":6,"minecraft:flint":29,"chileancraft:diente_de_leon_0":1,"chileancraft:uva_moscatel":1,"minecraft:lantern":24,"chileancraft:cordel":2,"chileancraft:semilla_de_uva_red_globe":13,"chileancraft:pinones":48,"minecraft:glowstone_dust":46,"minecraft:moss_block":21,"chileancraft:tuna_0":6,"minecraft:honeycomb":2,"minecraft:stripped_spruce_log":5,"chileancraft:olla_de_greda_cocida":8,"minecraft:ink_sac":75,"minecraft:granite_slab":6,"minecraft:loom":2,"alexsmobs:novelty_hat":1,"minecraft:dark_oak_log":1,"alexsmobs:animal_dictionary":7,"minecraft:barrel":2,"minecraft:polished_andesite":24,"minecraft:granite":51,"cfm:oak_desk":1,"minecraft:bread":3,"alexsmobs:maggot":12,"chileancraft:san_pedro":2,"chileancraft:mil_pesos":3,"minecraft:diamond_pickaxe":2,"chileancraft:taza_de_greda_cocida_item":1,"minecraft:crafting_table":37,"chileancraft:tinaja_de_greda_cocida":7,"minecraft:coarse_dirt":38,"cfm:spruce_park_bench":1,"minecraft:clay_ball":16,"minecraft:cornflower":12,"alexsmobs:cooked_catfish":3,"minecraft:flint_and_steel":14,"minecraft:white_carpet":6,"chileancraft:chemamull":1,"travelersbackpack:redstone":2,"minecraft:beef":54,"chileancraft:armadura_de_cobre_helmet":1,"travelersbackpack:lapis":7,"minecraft:jungle_sapling":78,"minecraft:iron_nugget":45,"minecraft:poppy":65,"minecraft:spruce_slab":6,"minecraft:chest":7,"alexsmobs:cooked_lobster_tail":30,"minecraft:birch_sapling":17,"minecraft:egg":212,"minecraft:sandstone":86,"minecraft:oak_door":3,"minecraft:spruce_fence":15,"minecraft:fire_charge":2,"chileancraft:macha_cruda":6,"minecraft:carrot":53,"minecraft:redstone":750,"minecraft:cooked_cod":125,"minecraft:deepslate_bricks":27,"minecraft:shears":1,"minecraft:diamond_boots":1,"minecraft:gold_ingot":6,"minecraft:glow_berries":25,"minecraft:mutton":40,"minecraft:white_wool":82,"minecraft:rail":2,"minecraft:oxeye_daisy":8,"minecraft:stripped_oak_log":7,"chileancraft:plato_hondo_de_greda_cocida_item":10,"chileancraft:diguenes":13,"chileancraft:semilla_de_uva_moscatel":13,"chileancraft:armadura_de_cobre_leggings":2,"minecraft:tripwire_hook":4,"minecraft:filled_map":1,"minecraft:oak_log":1730,"minecraft:lily_pad":7,"minecraft:golden_boots":1,"cfm:stripped_birch_chair":2,"minecraft:paper":8,"minecraft:white_banner":5,"minecraft:apple":76,"minecraft:kelp":282,"alexsmobs:cockroach_wing_fragment":1,"minecraft:stone_pickaxe":2,"chileancraft:choclo":19,"minecraft:iron_sword":1,"minecraft:flowering_azalea":1,"chileancraft:moneda_de_10":3,"minecraft:smooth_basalt":5,"minecraft:milk_bucket":1,"alexsmobs:fish_bones":3,"minecraft:sweet_berries":68,"minecraft:gravel":194,"minecraft:spruce_sapling":550,"minecraft:spruce_log":1812,"chileancraft:trutruca":2,"minecraft:leather_helmet":1,"minecraft:slime_ball":22,"minecraft:stone_axe":9,"chileancraft:ropa_mapuche_0_chestplate":7,"minecraft:gray_wool":2,"minecraft:baked_potato":5,"minecraft:pink_dye":36,"minecraft:ender_pearl":9,"minecraft:wheat":315,"minecraft:iron_trapdoor":2,"minecraft:potion":1,"travelersbackpack:spider":1,"chileancraft:ropa_de_huaso_helmet":13,"chileancraft:curanto":1,"minecraft:raw_copper":397,"minecraft:iron_leggings":9,"alexsmobs:banana":15,"chileancraft:semilla_de_aji_verde":6,"minecraft:smooth_stone":16,"minecraft:rose_bush":8,"minecraft:redstone_torch":18,"minecraft:calcite":7,"chileancraft:merluza_cruda":7,"minecraft:iron_pickaxe":12,"alexsmobs:raccoon_tail":1,"chileancraft:parrilla":1,"minecraft:iron_boots":13,"minecraft:furnace":23,"minecraft:stick":1032,"minecraft:polished_deepslate_stairs":2,"minecraft:oak_fence":3,"minecraft:torch":232,"minecraft:spruce_stairs":47,"minecraft:porkchop":49,"minecraft:dried_kelp":58,"minecraft:diorite":115,"minecraft:cactus":50,"minecraft:rotten_flesh":855,"chileancraft:telar_top":6,"alexsmobs:emu_egg":1,"minecraft:obsidian":38,"iammusicplayer:boombox":11,"minecraft:cod":405,"minecraft:cobblestone":2141,"chileancraft:vino_blanco":7,"minecraft:nautilus_shell":4,"minecraft:enchanting_table":1,"minecraft:leather_chestplate":2,"minecraft:lilac":18,"minecraft:andesite":68,"chileancraft:tronco_de_espino":1,"minecraft:potato":27,"alexsmobs:bear_fur":1,"chileancraft:armadura_de_cobre_boots":2,"chileancraft:kultrun":2,"minecraft:tuff":246,"minecraft:light_gray_dye":1,"chileancraft:piramide":1,"chileancraft:sopaipilla":5,"chileancraft:lanza_2":35,"chileancraft:salitre":18,"minecraft:lapis_lazuli":549,"minecraft:dirt":1928,"minecraft:stripped_birch_log":4,"minecraft:name_tag":3,"minecraft:leather_boots":4,"travelersbackpack:bookshelf":4,"minecraft:bone":363,"minecraft:bow":29,"minecraft:wheat_seeds":827,"minecraft:orange_tulip":10,"minecraft:raw_gold":89,"chileancraft:escudinho":6,"minecraft:powered_rail":1208,"minecraft:mossy_stone_bricks":3,"minecraft:fletching_table":3,"minecraft:bamboo":23,"minecraft:oak_planks":73,"minecraft:stone_hoe":1,"minecraft:cooked_porkchop":61,"travelersbackpack:squid":4,"chileancraft:bloque_de_paja":3,"minecraft:sand":473,"minecraft:grass_block":2,"minecraft:mossy_cobblestone":43,"minecraft:spruce_fence_gate":5,"minecraft:clay":2,"minecraft:slime_block":5,"minecraft:diamond":87,"minecraft:spruce_boat":19,"minecraft:crossbow":1,"minecraft:golden_apple":2,"minecraft:spruce_sign":1,"minecraft:emerald":14,"minecraft:oak_sapling":724,"minecraft:netherrack":70,"minecraft:fishing_rod":8,"minecraft:cocoa_beans":34,"minecraft:charcoal":81,"minecraft:allium":9,"minecraft:azure_bluet":5,"minecraft:chicken":16,"minecraft:ladder":3,"chileancraft:super_8":4,"minecraft:brown_mushroom":8,"minecraft:wooden_pickaxe":1,"minecraft:gold_block":2,"minecraft:chain":3,"chileancraft:semilla_de_tomate_limachino":13,"minecraft:shield":13,"minecraft:oak_trapdoor":1,"minecraft:moss_carpet":4,"minecraft:iron_axe":2,"minecraft:wooden_sword":1,"chileancraft:escudnho_2":3,"chileancraft:cebolla":4,"minecraft:oak_boat":12,"minecraft:observer":1,"minecraft:light_gray_wool":3,"minecraft:lectern":397,"minecraft:sugar_cane":204,"alexsmobs:skelewag_sword":1,"minecraft:phantom_membrane":2,"chileancraft:huevo_de_codorniz":3,"minecraft:raw_iron":566,"chileancraft:ruda":2,"chileancraft:semilla_de_uva_pais":10,"minecraft:copper_ingot":11,"chileancraft:remolino":20,"minecraft:bowl":7,"minecraft:note_block":2,"chileancraft:tuna":11,"iammusicplayer:cassette_tape":1,"minecraft:trident":2,"minecraft:arrow":418,"chileancraft:uniforme_paco_helmet":1,"minecraft:saddle":6,"chileancraft:plato_bajo_de_greda_cocida_item":3,"minecraft:glow_ink_sac":30,"minecraft:salmon":163,"minecraft:leather":83,"alexsmobs:cachalot_whale_tooth":1,"minecraft:cobblestone_wall":3,"minecraft:yellow_bed":5,"minecraft:cobbled_deepslate_stairs":6,"minecraft:gunpowder":118,"minecraft:cobblestone_stairs":16,"chileancraft:uva_red_glob":2,"minecraft:cooked_mutton":36,"minecraft:spruce_wood":6,"minecraft:iron_ingot":15,"minecraft:cooked_chicken":41,"chileancraft:chocman":14,"minecraft:acacia_sapling":4,"minecraft:book":656,"minecraft:pumpkin":36,"minecraft:quartz":13,"minecraft:dandelion":67,"minecraft:amethyst_shard":8,"chileancraft:semilla_de_a_ji_cacho_de_cabra":15,"minecraft:blast_furnace":4,"minecraft:white_bed":16,"chileancraft:semilla_de_choclo":16,"minecraft:spruce_door":5,"minecraft:spider_eye":87,"alexsmobs:raw_catfish":3,"minecraft:pumpkin_seeds":17,"chileancraft:tomate_limachino":3,"minecraft:iron_helmet":4,"chileancraft:doca":54,"chileancraft:tula":2,"chileancraft:manzanilla":11,"minecraft:black_wool":1,"minecraft:coal":421,"minecraft:wooden_axe":4},"minecraft:mined":{"minecraft:white_bed":14,"minecraft:jungle_leaves":123,"minecraft:obsidian":16,"minecraft:carved_pumpkin":1,"minecraft:granite":35,"chileancraft:doca":38,"minecraft:acacia_log":8,"minecraft:jungle_log":476,"minecraft:deepslate_bricks":27,"chileancraft:plato_bajo_de_greda_cocida":3,"minecraft:oxeye_daisy":7,"minecraft:tall_seagrass":12,"chileancraft:tuna_17":2,"minecraft:barrel":2,"minecraft:cobbled_deepslate":27,"minecraft:fire":128,"minecraft:pumpkin":35,"minecraft:deepslate_lapis_ore":41,"minecraft:granite_slab":6,"minecraft:fletching_table":3,"minecraft:enchanting_table":1,"minecraft:cave_vines":34,"minecraft:dirt_path":1,"minecraft:oak_stairs":10,"cfm:stripped_birch_chair":2,"minecraft:tripwire":2,"minecraft:brown_mushroom":7,"minecraft:kelp_plant":35,"minecraft:amethyst_cluster":2,"chileancraft:tronco_de_espino":1,"minecraft:torch":54,"minecraft:note_block":2,"minecraft:blast_furnace":4,"minecraft:melon":2,"minecraft:dead_bush":3,"minecraft:spruce_wall_sign":1,"minecraft:sugar_cane":95,"chileancraft:taza_de_greda_cocida":1,"minecraft:amethyst_block":3,"minecraft:birch_sapling":1,"minecraft:white_terracotta":1,"minecraft:chain":3,"chileancraft:choclo_8":5,"chileancraft:plato_hondo_de_greda_cocida":7,"chileancraft:manzanilla":10,"minecraft:wheat":278,"minecraft:lilac":18,"minecraft:grass":406,"minecraft:loom":2,"minecraft:smooth_basalt":3,"minecraft:deepslate":3656,"chileancraft:parra_13":1,"chileancraft:parra_14":2,"minecraft:mossy_cobblestone":39,"minecraft:stripped_birch_log":4,"minecraft:dark_oak_log":1,"minecraft:allium":9,"chileancraft:bloque_de_paja":3,"minecraft:spruce_fence":14,"chileancraft:tomate_12":1,"chileancraft:cebolla_6":1,"travelersbackpack:bookshelf":2,"minecraft:kelp":8,"minecraft:moss_block":5,"minecraft:redstone_ore":3,"chileancraft:san_pedro":1,"minecraft:andesite":65,"chileancraft:cebolla_1":1,"minecraft:vine":33,"minecraft:bamboo_sapling":1,"minecraft:bamboo":3,"chileancraft:parra_11":2,"minecraft:glass_pane":2,"minecraft:observer":1,"minecraft:dandelion":63,"minecraft:cornflower":11,"minecraft:campfire":1,"minecraft:lightning_rod":2,"minecraft:copper_ore":68,"minecraft:tall_grass":82,"chileancraft:cardo":1,"minecraft:deepslate_gold_ore":46,"minecraft:diorite":86,"travelersbackpack:squid":4,"minecraft:coarse_dirt":38,"minecraft:cobblestone_wall":3,"minecraft:white_carpet":6,"minecraft:spruce_log":1837,"minecraft:birch_leaves":70,"minecraft:gravel":170,"minecraft:cobweb":5,"minecraft:spruce_fence_gate":5,"minecraft:gold_ore":3,"minecraft:iron_trapdoor":2,"minecraft:fern":156,"minecraft:large_amethyst_bud":1,"minecraft:spruce_planks":69,"chileancraft:mena_desalitre":9,"minecraft:oak_sapling":28,"minecraft:farmland":1,"minecraft:cobbled_deepslate_stairs":6,"minecraft:cobblestone_stairs":14,"webdisplays:screen":12,"minecraft:cave_vines_plant":21,"minecraft:budding_amethyst":1,"minecraft:grass_block":106,"iammusicplayer:boombox":11,"minecraft:composter":2,"chileancraft:ruda":1,"minecraft:smooth_stone":16,"minecraft:glowstone":16,"minecraft:iron_ore":263,"minecraft:azure_bluet":6,"minecraft:brown_bed":25,"minecraft:red_tulip":1,"minecraft:deepslate_redstone_ore":114,"chileancraft:tronco_de_araucaria":4,"minecraft:polished_deepslate_stairs":2,"chileancraft:hojas_de_araucaria":11,"minecraft:medium_amethyst_bud":1,"chileancraft:telar_top":3,"minecraft:calcite":7,"minecraft:poppy":64,"minecraft:chest":7,"cfm:oak_desk":1,"minecraft:nether_quartz_ore":13,"chileancraft:remolino":2,"minecraft:cobblestone":93,"minecraft:slime_block":5,"minecraft:oak_planks":13,"minecraft:iron_door":8,"minecraft:wall_torch":66,"minecraft:seagrass":9,"cfm:spruce_park_bench":1,"minecraft:powered_rail":3,"chileancraft:tinaja_de_greda_cocida":4,"minecraft:birch_log":45,"chileancraft:piramide":1,"minecraft:orange_tulip":10,"minecraft:oak_log":1767,"minecraft:sand":348,"minecraft:dirt":1051,"minecraft:potted_red_tulip":3,"minecraft:netherrack":54,"minecraft:oak_leaves":253,"minecraft:tuff":246,"travelersbackpack:lapis":7,"minecraft:deepslate_diamond_ore":58,"minecraft:oak_door":3,"minecraft:ladder":1,"minecraft:spruce_leaves":658,"minecraft:sandstone":88,"minecraft:large_fern":12,"minecraft:spruce_sapling":2,"minecraft:furnace":19,"minecraft:carrots":8,"minecraft:stripped_spruce_log":2,"chileancraft:diguene":1,"minecraft:bookshelf":48,"minecraft:deepslate_iron_ore":131,"chileancraft:parrilla":1,"chileancraft:cebolla_9":3,"minecraft:lantern":8,"minecraft:stripped_oak_log":7,"chileancraft:aji_6":4,"minecraft:stone":2015,"minecraft:redstone_wall_torch":16,"minecraft:podzol":164,"tsdpp:sprucebark_door":3,"minecraft:spruce_door":3,"minecraft:crafting_table":25,"minecraft:rose_bush":1,"minecraft:lectern":394,"minecraft:lapis_ore":13,"minecraft:lily_pad":1,"minecraft:spruce_stairs":37,"minecraft:cactus":25,"chileancraft:tomate_11":1,"minecraft:redstone_torch":1,"minecraft:sweet_berry_bush":19,"minecraft:yellow_bed":5,"chileancraft:parra_17":1,"minecraft:coal_ore":270,"minecraft:cocoa":2,"travelersbackpack:redstone":2,"chileancraft:olla_de_greda_cocida":4,"minecraft:polished_andesite":3,"minecraft:mossy_stone_bricks":1},"minecraft:used":{"minecraft:moss_block":3,"minecraft:spruce_slab":58,"minecraft:ladder":59,"minecraft:chest":37,"minecraft:rotten_flesh":45,"iammusicplayer:boombox":11,"cfm:oak_desk":3,"minecraft:spruce_boat":12,"minecraft:jungle_sapling":3,"chileancraft:olla_de_greda_cocida":2,"minecraft:lava_bucket":2,"chileancraft:semilla_de_tomate_limachino":3,"minecraft:grass_block":1,"minecraft:birch_sapling":11,"chileancraft:telar_top":1,"chileancraft:manzanilla":2,"chileancraft:escudinho":50,"minecraft:bow":260,"minecraft:sweet_berries":51,"minecraft:cooked_cod":331,"minecraft:furnace":23,"minecraft:oak_sapling":678,"minecraft:egg":140,"minecraft:potato":22,"travelersbackpack:redstone":7,"minecraft:seagrass":5,"chileancraft:diente_de_leon_0":1,"minecraft:mossy_stone_bricks":1,"minecraft:diorite":39,"minecraft:spruce_door":10,"minecraft:powered_rail":5,"minecraft:cactus":18,"minecraft:wooden_pickaxe":45,"minecraft:glow_berries":16,"alexsmobs:skelewag_sword":4,"minecraft:blue_dye":1,"minecraft:sand":24,"minecraft:blast_furnace":6,"chileancraft:espada_de_cobre":400,"minecraft:pumpkin_seeds":8,"minecraft:lightning_rod":2,"chileancraft:semilla_de_uva_moscatel":2,"minecraft:lectern":399,"chileancraft:armadura_de_cobre_leggings":2,"chileancraft:pico_de_cobre":416,"minecraft:diamond_sword":965,"minecraft:wooden_sword":121,"minecraft:smithing_table":1,"minecraft:birch_log":4,"minecraft:oak_boat":14,"minecraft:oak_trapdoor":2,"cfm:stripped_birch_chair":5,"minecraft:enchanting_table":2,"minecraft:stone_sword":871,"minecraft:carved_pumpkin":1,"minecraft:armor_stand":1,"chileancraft:hacha_mapuche":50,"chileancraft:vino_blanco":1,"minecraft:cooked_salmon":11,"minecraft:netherrack":51,"minecraft:torch":1406,"minecraft:anvil":3,"chileancraft:pinones_cocidos":1,"chileancraft:ropa_de_huaso_helmet":1,"minecraft:iron_axe":516,"minecraft:slime_block":9,"minecraft:jungle_log":26,"travelersbackpack:squid":10,"chileancraft:bloque_de_paja":3,"minecraft:barrel":3,"minecraft:smooth_basalt":5,"minecraft:bamboo":25,"minecraft:diamond_chestplate":3,"minecraft:iron_trapdoor":3,"minecraft:cobbled_deepslate":820,"minecraft:observer":4,"minecraft:calcite":2,"minecraft:wheat_seeds":350,"alexsmobs:cooked_catfish":3,"minecraft:water_bucket":102,"minecraft:leather_boots":1,"minecraft:glow_ink_sac":4,"minecraft:fletching_table":5,"minecraft:spruce_fence_gate":7,"minecraft:deepslate_bricks":974,"minecraft:mossy_cobblestone":25,"minecraft:rail":2,"chileancraft:diguenes":1,"minecraft:tnt":1,"minecraft:crafting_table":33,"minecraft:white_bed":16,"minecraft:campfire":4,"minecraft:cod":2,"minecraft:spruce_log":284,"chileancraft:tinaja_de_greda_cocida":2,"minecraft:cornflower":1,"minecraft:oak_log":7,"minecraft:yellow_dye":1,"minecraft:diamond_pickaxe":4325,"travelersbackpack:bookshelf":9,"minecraft:iron_pickaxe":2432,"minecraft:suspicious_stew":2,"chileancraft:banderadark":2,"minecraft:spruce_trapdoor":1,"minecraft:spruce_sapling":199,"cfm:stripped_oak_table":6,"minecraft:cobblestone":752,"travelersbackpack:standard":4,"cfm:spruce_park_bench":5,"minecraft:cooked_porkchop":75,"minecraft:glass_pane":70,"minecraft:dandelion":4,"minecraft:diamond_leggings":1,"chileancraft:armadura_de_cobre_chestplate":1,"chileancraft:escudnho_2":2,"minecraft:moss_carpet":4,"minecraft:iron_shovel":251,"alexsmobs:small_catfish_bucket":1,"travelersbackpack:lapis":13,"minecraft:shield":447,"minecraft:iron_sword":203,"minecraft:iron_chestplate":7,"minecraft:carrot":31,"minecraft:tuff":18,"minecraft:obsidian":10,"minecraft:polished_deepslate_stairs":51,"alexsmobs:lobster_tail":1,"minecraft:lantern":2,"alexsmobs:cooked_lobster_tail":30,"minecraft:iron_helmet":1,"minecraft:hay_block":1,"travelersbackpack:spider":1,"minecraft:diamond_boots":4,"iammusicplayer:cassette_deck":1,"minecraft:stone_pickaxe":525,"minecraft:oak_planks":88,"minecraft:sandstone":3,"chileancraft:tronco_de_araucaria":4,"chileancraft:ropa_mapuche_0_chestplate":2,"minecraft:sugar_cane":57,"iammusicplayer:music_manager":1,"minecraft:white_wool":2,"minecraft:loom":3,"chileancraft:semilla_de_cebolla":5,"minecraft:note_block":3,"minecraft:cobbled_deepslate_stairs":88,"tsdpp:sprucebark_door":3,"minecraft:shears":1,"minecraft:redstone_torch":18,"minecraft:sticky_piston":1,"minecraft:lever":1,"chileancraft:hacha_de_cobre":1458,"minecraft:melon_slice":17,"minecraft:heavy_weighted_pressure_plate":1,"minecraft:bread":82,"minecraft:string":2,"minecraft:gravel":71,"minecraft:granite_slab":7,"chileancraft:semilla_de_uva_pais":1,"chileancraft:semilla_de_choclo":5,"minecraft:grindstone":1,"minecraft:andesite":31,"minecraft:smooth_stone_slab":5,"chileancraft:tronco_de_espino":1,"minecraft:coarse_dirt":24,"minecraft:bone_meal":85,"chileancraft:terremoto":1,"minecraft:trident":102,"minecraft:flint_and_steel":129,"chileancraft:parrilla":2,"minecraft:tropical_fish":10,"minecraft:stone_shovel":946,"minecraft:dried_kelp":135,"minecraft:spruce_planks":585,"chileancraft:ruda":1,"minecraft:wooden_shovel":177,"minecraft:stone_hoe":89,"minecraft:cooked_chicken":19,"minecraft:oak_door":5,"chileancraft:tula":3,"minecraft:dirt":1271,"minecraft:white_carpet":9,"minecraft:hopper":1,"minecraft:spruce_stairs":322,"minecraft:cobblestone_wall":3,"minecraft:diamond_helmet":2,"minecraft:pink_dye":1,"minecraft:spruce_fence":145,"chileancraft:doca":1,"minecraft:granite":18,"minecraft:wooden_axe":1097,"chileancraft:armadura_de_cobre_helmet":2,"minecraft:bookshelf":22,"minecraft:oak_stairs":1,"chileancraft:plato_bajo_de_greda_cocida_item":2,"minecraft:iron_boots":5,"chileancraft:semilla_de_a_ji_cacho_de_cabra":6,"chileancraft:chemamull":1,"chileancraft:semilla_de_uva_red_globe":3,"alexsmobs:lobster_bucket":3,"minecraft:cooked_beef":76,"minecraft:red_dye":1,"minecraft:pumpkin":1,"chileancraft:mentolatum":1,"minecraft:iron_leggings":5,"minecraft:brown_bed":23,"minecraft:cooked_mutton":35,"minecraft:amethyst_block":1,"minecraft:cobblestone_stairs":13,"minecraft:polished_andesite":24,"minecraft:baked_potato":5,"minecraft:brown_mushroom":1,"chileancraft:chocman":12,"minecraft:spruce_sign":10,"minecraft:stonecutter":1,"chileancraft:plato_hondo_de_greda_cocida_item":5,"minecraft:smoker":3,"chileancraft:piramide":1,"minecraft:flower_pot":3,"minecraft:black_wool":1,"minecraft:apple":8,"chileancraft:super_8":6,"minecraft:chicken":2,"chileancraft:remolino":5,"minecraft:stone_axe":3536,"chileancraft:armadura_de_cobre_boots":1,"minecraft:fishing_rod":912,"minecraft:bucket":120,"minecraft:yellow_bed":5,"alexsmobs:animal_dictionary":57,"minecraft:smooth_stone":364},"minecraft:killed_by":{"alexsmobs:cachalot_whale":1,"minecraft:zombie":2,"alexsmobs:skelewag":2,"alexsmobs:centipede_head":1,"minecraft:creeper":8,"minecraft:drowned":3,"minecraft:player":1,"minecraft:enderman":1,"minecraft:skeleton":11},"minecraft:broken":{"minecraft:wooden_shovel":3,"minecraft:iron_boots":3,"minecraft:iron_chestplate":3,"minecraft:iron_leggings":2,"minecraft:wooden_sword":3,"chileancraft:hacha_de_cobre":6,"minecraft:stone_sword":6,"minecraft:shield":6,"minecraft:iron_axe":3,"minecraft:iron_pickaxe":8,"minecraft:iron_helmet":3,"minecraft:iron_shovel":1,"minecraft:stone_pickaxe":4,"chileancraft:hacha_mapuche":1,"minecraft:stone_axe":27,"minecraft:wooden_axe":19,"minecraft:stone_shovel":6,"minecraft:flint_and_steel":1,"chileancraft:pico_de_cobre":2,"chileancraft:espada_de_cobre":2,"minecraft:leather_boots":1},"minecraft:custom":{"minecraft:interact_with_crafting_table":479,"minecraft:open_barrel":201,"minecraft:leave_game":49,"minecraft:time_since_death":551992,"minecraft:damage_blocked_by_shield":20855,"minecraft:play_time":3615279,"minecraft:deaths":32,"minecraft:jump":37363,"minecraft:enchant_item":31,"minecraft:interact_with_furnace":231,"minecraft:traded_with_villager":417,"minecraft:sleep_in_bed":109,"minecraft:damage_dealt":188197,"minecraft:interact_with_smoker":143,"minecraft:horse_one_cm":1090470,"minecraft:interact_with_smithing_table":9,"minecraft:interact_with_anvil":47,"minecraft:inspect_hopper":3,"minecraft:sneak_time":192434,"minecraft:interact_with_blast_furnace":150,"minecraft:total_world_time":3615279,"minecraft:tune_noteblock":4867,"minecraft:interact_with_stonecutter":11,"minecraft:time_since_rest":50332,"minecraft:swim_one_cm":2044993,"minecraft:fly_one_cm":4755228,"minecraft:open_chest":1534,"minecraft:fish_caught":645,"minecraft:fall_one_cm":574780,"minecraft:animals_bred":21,"minecraft:sprint_one_cm":12065821,"minecraft:drop":570,"minecraft:play_noteblock":4,"minecraft:talked_to_villager":597,"minecraft:walk_on_water_one_cm":623130,"minecraft:interact_with_loom":14,"minecraft:player_kills":1,"minecraft:crouch_one_cm":621653,"minecraft:mob_kills":1392,"minecraft:interact_with_campfire":71,"minecraft:climb_one_cm":456132,"minecraft:walk_one_cm":8816596,"minecraft:walk_under_water_one_cm":626522,"minecraft:boat_one_cm":2258038,"minecraft:pot_flower":3,"minecraft:interact_with_grindstone":13,"minecraft:damage_taken":33708},"minecraft:crafted":{"minecraft:black_dye":16,"minecraft:smooth_stone":385,"alexsmobs:animal_dictionary":1,"travelersbackpack:crafting_upgrade":1,"iammusicplayer:boombox":1,"chileancraft:parrilla":1,"minecraft:slime_block":6,"minecraft:loom":1,"minecraft:lever":1,"minecraft:bookshelf":28,"minecraft:cooked_mutton":25,"minecraft:iron_bars":16,"minecraft:glass":96,"minecraft:diamond_helmet":1,"minecraft:diamond_leggings":1,"chileancraft:armadura_de_cobre_leggings":2,"alexsmobs:banner_pattern_bear":1,"cfm:stripped_birch_chair":4,"minecraft:black_wool":12,"chileancraft:pino":2,"minecraft:magenta_dye":36,"minecraft:wooden_shovel":3,"minecraft:emerald":406,"minecraft:cooked_porkchop":42,"travelersbackpack:lapis":2,"iammusicplayer:cassette_tape":19,"travelersbackpack:standard":5,"minecraft:spruce_door":6,"minecraft:smithing_table":1,"chileancraft:hacha_mapuche":1,"minecraft:copper_ingot":387,"minecraft:sticky_piston":1,"minecraft:fletching_table":2,"minecraft:hay_block":1,"tsdpp:sprucebark_door":3,"minecraft:campfire":4,"chileancraft:empadana_de_pino_cruda":4,"minecraft:lectern":6,"minecraft:iron_pickaxe":12,"minecraft:iron_block":9,"minecraft:gold_ingot":51,"minecraft:light_gray_dye":9,"minecraft:spruce_fence_gate":2,"chileancraft:espada_de_cobre":5,"cfm:spruce_park_bench":4,"chileancraft:cordel":1,"minecraft:stone_shovel":8,"minecraft:smooth_stone_slab":6,"minecraft:jukebox":2,"chileancraft:empadana_de_pino":4,"minecraft:bone_meal":90,"minecraft:spruce_fence":132,"minecraft:pink_dye":37,"chileancraft:armadura_de_cobre_helmet":1,"minecraft:white_carpet":3,"travelersbackpack:blank_upgrade":4,"travelersbackpack:gold_tier_upgrade":1,"minecraft:lantern":2,"minecraft:spruce_stairs":300,"travelersbackpack:white_sleeping_bag":1,"minecraft:ladder":84,"minecraft:spruce_slab":84,"minecraft:stone_pickaxe":5,"minecraft:diamond_boots":1,"minecraft:cobbled_deepslate_stairs":108,"minecraft:spruce_boat":2,"chileancraft:mantequilla":16,"minecraft:redstone_block":1,"minecraft:dark_oak_planks":4,"minecraft:enchanting_table":1,"minecraft:dried_kelp":154,"chileancraft:trozo_de_zapallo":40,"minecraft:enchanted_book":11,"travelersbackpack:redstone":1,"minecraft:wooden_axe":21,"minecraft:iron_shovel":1,"minecraft:iron_leggings":3,"minecraft:armor_stand":1,"minecraft:white_bed":4,"minecraft:note_block":5,"chileancraft:hacha_de_cobre":9,"minecraft:grindstone":1,"chileancraft:armadura_de_cobre_chestplate":1,"minecraft:oak_planks":6326,"iammusicplayer:music_manager":1,"minecraft:cobblestone_slab":6,"minecraft:barrel":1,"chileancraft:ropa_de_huaso_helmet":3,"minecraft:cooked_chicken":12,"minecraft:lightning_rod":1,"chileancraft:cuchillo_de_cocina":1,"chileancraft:armadura_de_cobre_boots":1,"minecraft:stone":393,"minecraft:cobblestone_stairs":4,"minecraft:flower_banner_pattern":1,"minecraft:heavy_weighted_pressure_plate":1,"minecraft:green_dye":8,"chileancraft:paja":12,"minecraft:hopper":1,"chileancraft:pico_de_cobre":2,"minecraft:bow":2,"minecraft:iron_boots":3,"minecraft:chest":34,"minecraft:stone_hoe":1,"minecraft:smoker":3,"minecraft:white_banner":1,"minecraft:oak_slab":12,"travelersbackpack:iron_tier_upgrade":1,"minecraft:crafting_table":11,"minecraft:spruce_planks":2268,"minecraft:baked_potato":2,"minecraft:iron_helmet":3,"minecraft:wooden_pickaxe":2,"chileancraft:curanto":1,"minecraft:pumpkin_seeds":12,"minecraft:tnt":1,"minecraft:spruce_trapdoor":2,"minecraft:iron_chestplate":4,"minecraft:book":51,"minecraft:yellow_dye":9,"minecraft:paper":111,"minecraft:diamond_pickaxe":1,"minecraft:charcoal":644,"minecraft:purple_dye":2,"minecraft:shield":11,"minecraft:stick":12876,"cfm:stripped_oak_table":8,"minecraft:iron_ingot":435,"minecraft:stone_sword":6,"minecraft:redstone_torch":1,"minecraft:shears":3,"minecraft:wooden_sword":1,"chileancraft:copper_nugget":9,"minecraft:oak_door":3,"minecraft:fishing_rod":1,"iammusicplayer:cassette_deck":1,"minecraft:spruce_button":1,"minecraft:furnace":10,"minecraft:blast_furnace":3,"minecraft:piston":1,"minecraft:oak_trapdoor":2,"minecraft:glass_pane":96,"minecraft:flint_and_steel":5,"minecraft:iron_axe":3,"minecraft:slime_ball":18,"travelersbackpack:light_gray_sleeping_bag":1,"chileancraft:sopaipilla_cruda":36,"minecraft:observer":3,"chileancraft:moneda_de_500":2,"minecraft:cooked_beef":10,"minecraft:red_dye":20,"minecraft:cooked_cod":393,"minecraft:diamond_sword":1,"minecraft:iron_trapdoor":1,"minecraft:spruce_sign":9,"minecraft:powered_rail":6,"travelersbackpack:backpack_tank":6,"minecraft:black_banner":2,"minecraft:bucket":2,"chileancraft:pinones_cocidos":1,"minecraft:stone_axe":28,"minecraft:bread":83,"minecraft:air":0,"minecraft:jungle_planks":4,"minecraft:blue_dye":13,"travelersbackpack:squid":2,"minecraft:oak_boat":4,"minecraft:white_wool":3,"chileancraft:masa":3,"cfm:oak_desk":2,"minecraft:gold_nugget":1,"minecraft:white_dye":3,"minecraft:stonecutter":1,"minecraft:anvil":3,"minecraft:torch":1268,"minecraft:granite_slab":6,"minecraft:lapis_block":4,"minecraft:diamond_chestplate":3}},"DataVersion":3120}