{"stats":{"minecraft:crafted":{"minecraft:black_dye":3,"minecraft:smooth_stone":9,"alexsmobs:animal_dictionary":1,"travelersbackpack:crafting_upgrade":1,"iammusicplayer:boombox":1,"minecraft:bookshelf":1,"minecraft:glass":64,"chileancraft:armadura_de_cobre_leggings":1,"minecraft:dried_kelp_block":135,"minecraft:black_wool":2,"minecraft:emerald":66,"travelersbackpack:lapis":4,"minecraft:jungle_boat":1,"travelersbackpack:standard":6,"minecraft:spruce_door":6,"minecraft:smithing_table":1,"minecraft:copper_ingot":220,"minecraft:campfire":24,"minecraft:stone_slab":6,"minecraft:iron_pickaxe":15,"minecraft:iron_block":3,"chileancraft:moneda_de_50":295,"minecraft:gold_ingot":11,"minecraft:sandstone":8,"minecraft:spruce_fence_gate":16,"minecraft:stone_shovel":42,"minecraft:jukebox":1,"minecraft:iron_nugget":9,"minecraft:bone_meal":42,"minecraft:spruce_fence":39,"chileancraft:armadura_de_cobre_helmet":1,"travelersbackpack:blank_upgrade":8,"travelersbackpack:gold_tier_upgrade":2,"travelersbackpack:white_sleeping_bag":1,"minecraft:ladder":114,"minecraft:spruce_slab":420,"minecraft:stone_pickaxe":22,"minecraft:spruce_boat":2,"minecraft:lead":2,"travelersbackpack:spider":2,"minecraft:dried_kelp":549,"minecraft:blue_bed":1,"minecraft:enchanted_book":2,"cfm:spruce_chair":4,"minecraft:iron_shovel":7,"minecraft:white_bed":2,"chileancraft:moneda_de_100":182,"minecraft:note_block":2,"chileancraft:hacha_de_cobre":8,"chileancraft:armadura_de_cobre_chestplate":1,"minecraft:oak_planks":628,"travelersbackpack:iron":1,"minecraft:cobblestone_slab":6,"chileancraft:ropa_de_huaso_helmet":1,"minecraft:cooked_chicken":7,"chileancraft:armadura_de_cobre_boots":1,"minecraft:cobblestone_stairs":44,"minecraft:stone":457,"minecraft:green_dye":2,"chileancraft:paja":10,"minecraft:hopper":4,"minecraft:bow":7,"chileancraft:pico_de_cobre":16,"minecraft:chest":78,"minecraft:stone_hoe":1,"minecraft:smoker":3,"travelersbackpack:iron_tier_upgrade":2,"minecraft:arrow":164,"minecraft:crafting_table":6,"minecraft:spruce_planks":1908,"minecraft:wooden_pickaxe":1,"minecraft:baked_potato":192,"travelersbackpack:blue_sleeping_bag":1,"minecraft:tnt":4,"minecraft:spruce_trapdoor":4,"minecraft:diamond_pickaxe":2,"minecraft:charcoal":104,"minecraft:shield":10,"minecraft:stick":2028,"minecraft:iron_ingot":214,"chileancraft:tablones_de_araucaria":4,"minecraft:stone_sword":3,"cfm:spruce_desk_cabinet":2,"minecraft:black_bed":1,"minecraft:shears":2,"chileancraft:copper_nugget":369,"minecraft:spruce_button":1,"minecraft:furnace":11,"minecraft:blast_furnace":3,"minecraft:flint_and_steel":1,"chileancraft:traje_de_huaso_de_salon_helmet":1,"minecraft:iron_axe":2,"chileancraft:moneda_de_500":40,"minecraft:diamond_sword":1,"minecraft:spruce_sign":39,"travelersbackpack:backpack_tank":6,"chileancraft:moneda_de_10":1476,"minecraft:bucket":2,"minecraft:stone_axe":53,"minecraft:bread":8,"minecraft:air":0,"minecraft:jungle_planks":56,"minecraft:blue_dye":3,"travelersbackpack:squid":1,"minecraft:white_dye":1,"chileancraft:pala_de_cobre":12,"chileancraft:mil_pesos":14,"minecraft:stonecutter":1,"minecraft:anvil":1,"minecraft:torch":840,"minecraft:lapis_block":4,"minecraft:clay":3},"minecraft:used":{"minecraft:moss_block":14,"minecraft:spruce_slab":384,"minecraft:ladder":98,"minecraft:chest":76,"minecraft:rotten_flesh":46,"iammusicplayer:boombox":1,"minecraft:spruce_boat":11,"minecraft:jungle_sapling":3,"chileancraft:olla_de_greda_cocida":3,"minecraft:lava_bucket":4,"cfm:spruce_desk_cabinet":3,"chileancraft:telar_top":1,"minecraft:stone_brick_stairs":18,"chileancraft:pala_de_cobre":2272,"minecraft:bow":153,"minecraft:furnace":14,"minecraft:oak_sapling":7,"minecraft:cooked_cod":2,"minecraft:egg":4,"minecraft:potato":268,"minecraft:diorite":3,"minecraft:spruce_door":44,"minecraft:cactus":16,"minecraft:wooden_pickaxe":26,"minecraft:clay":3,"minecraft:jungle_boat":30,"minecraft:oak_leaves":1,"minecraft:glow_berries":21,"minecraft:sand":1232,"minecraft:blast_furnace":3,"chileancraft:pico_de_cobre":3179,"minecraft:lilac":4,"minecraft:diamond_sword":570,"minecraft:smithing_table":1,"cfm:stripped_birch_chair":5,"minecraft:stone_sword":90,"minecraft:carved_pumpkin":2,"minecraft:cooked_salmon":2,"minecraft:torch":951,"minecraft:anvil":1,"minecraft:flowering_azalea":4,"minecraft:iron_axe":318,"chileancraft:ropa_de_huaso_helmet":1,"travelersbackpack:squid":2,"chileancraft:bloque_de_paja":1,"minecraft:smooth_basalt":5,"minecraft:cobbled_deepslate":293,"minecraft:wheat_seeds":226,"alexsmobs:cooked_catfish":2,"minecraft:water_bucket":49,"minecraft:spruce_fence_gate":24,"cfm:spruce_chair":2,"chileancraft:diguenes":7,"minecraft:tnt":5,"minecraft:crafting_table":35,"minecraft:campfire":24,"minecraft:white_bed":4,"chileancraft:tinaja_de_greda_cocida":3,"minecraft:spruce_log":217,"minecraft:diamond_pickaxe":1675,"minecraft:cornflower":4,"minecraft:iron_pickaxe":3330,"minecraft:spruce_trapdoor":3,"minecraft:spruce_sapling":107,"cfm:stripped_oak_table":3,"minecraft:cobblestone":1502,"travelersbackpack:standard":10,"minecraft:cooked_porkchop":2,"minecraft:kelp":224,"minecraft:dandelion":2,"minecraft:iron_shovel":1751,"travelersbackpack:lapis":10,"minecraft:shield":260,"minecraft:carrot":707,"travelersbackpack:iron":7,"minecraft:tuff":26,"minecraft:axolotl_bucket":2,"alexsmobs:lobster_tail":1,"alexsmobs:cooked_lobster_tail":4,"minecraft:hay_block":3,"travelersbackpack:spider":2,"minecraft:stone_pickaxe":1781,"minecraft:oak_planks":31,"chileancraft:tronco_de_araucaria":7,"minecraft:ender_pearl":1,"minecraft:sandstone":325,"minecraft:sugar_cane":20,"minecraft:blue_bed":1,"chileancraft:semilla_de_cebolla":3,"minecraft:black_bed":2,"minecraft:shears":1,"alexsmobs:terrapin_bucket":3,"chileancraft:hacha_de_cobre":957,"minecraft:bread":9,"minecraft:melon_slice":26,"minecraft:gravel":493,"chileancraft:semilla_de_choclo":2,"minecraft:andesite":14,"minecraft:coarse_dirt":7,"minecraft:bone_meal":41,"minecraft:azalea":1,"minecraft:flint_and_steel":5,"minecraft:tropical_fish":15,"minecraft:stone_shovel":4543,"minecraft:dried_kelp":242,"minecraft:spruce_planks":415,"minecraft:stone_hoe":76,"minecraft:dirt":951,"minecraft:hopper":4,"minecraft:spruce_stairs":2,"minecraft:cobblestone_wall":664,"minecraft:spruce_fence":33,"minecraft:granite":21,"chileancraft:doca":12,"minecraft:stone_brick_slab":430,"alexsmobs:maggot":3,"minecraft:bookshelf":1,"chileancraft:chemamull":2,"alexsmobs:lobster_bucket":25,"minecraft:pumpkin":1,"chileancraft:mentolatum":1,"minecraft:iron_leggings":1,"minecraft:cooked_mutton":1,"minecraft:amethyst_block":1,"minecraft:cobblestone_stairs":169,"minecraft:baked_potato":170,"chileancraft:chocman":1,"minecraft:brown_mushroom":1,"minecraft:spruce_sign":36,"minecraft:stonecutter":2,"minecraft:cobblestone_slab":28,"chileancraft:plato_hondo_de_greda_cocida_item":5,"minecraft:smoker":4,"minecraft:apple":1,"chileancraft:tablones_de_araucaria":4,"chileancraft:remolino":5,"minecraft:stone_slab":1,"minecraft:stone_axe":3491,"minecraft:fishing_rod":36,"minecraft:bucket":106,"alexsmobs:animal_dictionary":3},"minecraft:broken":{"chileancraft:uniforme_paco_helmet":1,"minecraft:diamond_pickaxe":1,"chileancraft:hacha_de_cobre":7,"chileancraft:uniforme_paco_chestplate":1,"minecraft:stone_sword":1,"minecraft:shield":4,"minecraft:iron_axe":2,"minecraft:iron_pickaxe":12,"minecraft:iron_shovel":7,"minecraft:golden_leggings":1,"minecraft:stone_pickaxe":11,"minecraft:stone_axe":13,"minecraft:stone_shovel":31,"chileancraft:pico_de_cobre":15,"chileancraft:pala_de_cobre":11},"minecraft:killed":{"alexsmobs:lobster":14,"minecraft:cave_spider":3,"alexsmobs:murmur":1,"chileancraft:paco":2,"minecraft:cod":2,"minecraft:skeleton":70,"minecraft:chicken":26,"alexsmobs:centipede_head":1,"alexsmobs:skelewag":2,"minecraft:tropical_fish":1,"minecraft:parrot":1,"chileancraft:reineta":2,"minecraft:salmon":12,"chileancraft:macha":6,"chileancraft:codorniz":7,"minecraft:pillager":5,"minecraft:zombie":154,"alexsmobs:roadrunner":2,"minecraft:cow":14,"alexsmobs:raccoon":1,"alexsmobs:seagull":2,"minecraft:horse":15,"minecraft:wandering_trader":3,"alexsmobs:catfish":2,"alexsmobs:crocodile":1,"chileancraft:jaiba":7,"minecraft:enderman":1,"minecraft:witch":1,"minecraft:spider":508,"minecraft:turtle":1,"minecraft:pig":6,"minecraft:creeper":24,"minecraft:sheep":70,"minecraft:trader_llama":6,"alexsmobs:terrapin":1,"alexsmobs:fly":2,"minecraft:slime":31,"alexsmobs:rattlesnake":3,"minecraft:phantom":1,"alexsmobs:bison":4,"minecraft:drowned":84,"chileancraft:mapuche_hombre":1,"alexsmobs:flying_fish":3,"minecraft:squid":10},"minecraft:mined":{"minecraft:white_bed":3,"minecraft:jungle_leaves":7,"minecraft:carved_pumpkin":2,"chileancraft:doca":13,"minecraft:granite":236,"minecraft:jungle_log":83,"minecraft:oxeye_daisy":1,"minecraft:spawner":2,"minecraft:tall_seagrass":2,"chileancraft:tuna_17":6,"minecraft:cobbled_deepslate":63,"minecraft:fire":1,"minecraft:pumpkin":8,"minecraft:moss_carpet":1,"minecraft:deepslate_lapis_ore":19,"minecraft:cave_vines":7,"minecraft:dirt_path":1,"cfm:stripped_birch_chair":5,"minecraft:brown_mushroom":13,"minecraft:kelp_plant":599,"minecraft:smoker":1,"minecraft:amethyst_cluster":6,"minecraft:torch":156,"minecraft:melon":21,"minecraft:dead_bush":7,"minecraft:sugar_cane":59,"chileancraft:taza_de_greda_cocida":1,"minecraft:amethyst_block":4,"chileancraft:choclo_8":2,"chileancraft:plato_hondo_de_greda_cocida":4,"minecraft:wheat":201,"minecraft:lilac":7,"minecraft:black_bed":1,"minecraft:grass":78,"minecraft:smooth_basalt":15,"minecraft:stonecutter":1,"minecraft:deepslate":1054,"minecraft:mossy_cobblestone":60,"chileancraft:cebolla_4":1,"minecraft:sea_lantern":1,"chileancraft:bloque_de_paja":1,"minecraft:spruce_fence":3,"minecraft:moss_block":41,"minecraft:kelp":115,"minecraft:andesite":334,"minecraft:potatoes":243,"minecraft:cobblestone_slab":5,"minecraft:vine":16,"minecraft:bamboo":2,"minecraft:stone_brick_slab":81,"minecraft:dandelion":13,"minecraft:cornflower":7,"minecraft:campfire":3,"minecraft:tall_grass":13,"minecraft:copper_ore":63,"chileancraft:cardo":4,"minecraft:deepslate_gold_ore":17,"minecraft:diorite":98,"minecraft:coarse_dirt":14,"minecraft:cobblestone_wall":26,"minecraft:spruce_log":2150,"minecraft:birch_leaves":7,"minecraft:gravel":518,"minecraft:cobweb":79,"minecraft:spruce_fence_gate":8,"minecraft:fern":35,"minecraft:spruce_planks":108,"chileancraft:mena_desalitre":1,"minecraft:cobblestone_stairs":12,"minecraft:cave_vines_plant":4,"minecraft:grass_block":1581,"iammusicplayer:boombox":1,"minecraft:iron_ore":178,"minecraft:azure_bluet":1,"minecraft:azalea":2,"minecraft:spruce_slab":43,"minecraft:deepslate_redstone_ore":33,"chileancraft:tronco_de_araucaria":21,"chileancraft:hojas_de_araucaria":1,"chileancraft:telar_top":1,"minecraft:clay":38,"minecraft:calcite":10,"minecraft:poppy":11,"minecraft:chest":11,"chileancraft:remolino":2,"minecraft:cobblestone":258,"minecraft:oak_planks":7,"minecraft:wall_torch":36,"minecraft:deepslate_copper_ore":2,"chileancraft:tinaja_de_greda_cocida":3,"minecraft:birch_log":6,"minecraft:tnt":1,"minecraft:oak_log":223,"minecraft:sand":4773,"minecraft:dirt":1721,"chileancraft:chemamull":3,"minecraft:oak_leaves":82,"minecraft:tuff":68,"chileancraft:cebolla_5":1,"travelersbackpack:lapis":2,"cfm:stripped_oak_table":1,"minecraft:deepslate_diamond_ore":26,"minecraft:ladder":8,"cfm:spruce_desk_cabinet":1,"minecraft:spruce_leaves":66,"minecraft:sandstone":1228,"minecraft:large_fern":7,"minecraft:hay_block":3,"minecraft:spruce_sapling":10,"minecraft:furnace":11,"minecraft:carrots":231,"minecraft:stripped_spruce_log":2,"chileancraft:diguene":4,"minecraft:bookshelf":13,"minecraft:deepslate_iron_ore":132,"minecraft:stone":5476,"minecraft:podzol":78,"minecraft:flowering_azalea":7,"minecraft:spruce_door":41,"travelersbackpack:standard":2,"minecraft:crafting_table":34,"minecraft:stone_slab":1,"minecraft:lapis_ore":36,"minecraft:lily_pad":4,"minecraft:blue_bed":1,"minecraft:spruce_stairs":1,"minecraft:cactus":32,"minecraft:sweet_berry_bush":6,"minecraft:coal_ore":332,"minecraft:cocoa":8,"chileancraft:olla_de_greda_cocida":3},"minecraft:custom":{"minecraft:interact_with_crafting_table":263,"minecraft:open_barrel":1,"minecraft:leave_game":21,"minecraft:time_since_death":365555,"minecraft:damage_blocked_by_shield":12685,"minecraft:play_time":1902711,"minecraft:deaths":25,"minecraft:jump":27939,"minecraft:enchant_item":10,"minecraft:interact_with_furnace":187,"minecraft:traded_with_villager":71,"minecraft:sleep_in_bed":31,"minecraft:damage_dealt":166872,"minecraft:interact_with_smoker":53,"minecraft:horse_one_cm":90199,"minecraft:interact_with_smithing_table":8,"minecraft:interact_with_anvil":6,"minecraft:inspect_hopper":1,"minecraft:sneak_time":342110,"minecraft:interact_with_blast_furnace":54,"minecraft:total_world_time":1902711,"minecraft:interact_with_stonecutter":28,"minecraft:time_since_rest":7183,"minecraft:swim_one_cm":1271177,"minecraft:fly_one_cm":5023273,"minecraft:open_chest":1314,"minecraft:fish_caught":15,"minecraft:fall_one_cm":472745,"minecraft:sprint_one_cm":2962770,"minecraft:drop":146,"minecraft:talked_to_villager":53,"minecraft:walk_on_water_one_cm":420801,"minecraft:player_kills":1,"minecraft:crouch_one_cm":1045416,"minecraft:mob_kills":1147,"minecraft:interact_with_campfire":1029,"minecraft:climb_one_cm":175848,"minecraft:walk_one_cm":4067031,"minecraft:walk_under_water_one_cm":537660,"minecraft:boat_one_cm":853835,"minecraft:damage_taken":22485},"minecraft:killed_by":{"alexsmobs:cachalot_whale":1,"minecraft:zombie":3,"alexsmobs:skelewag":2,"alexsmobs:centipede_head":1,"chileancraft:tue_tue":1,"minecraft:creeper":3,"minecraft:drowned":3,"minecraft:enderman":3,"chileancraft:paco":1,"minecraft:skeleton":5,"minecraft:phantom":2},"minecraft:dropped":{"minecraft:clay":1,"minecraft:porkchop":11,"chileancraft:semilla_de_tomate_limachino":2,"minecraft:diamond":1,"minecraft:dirt":3,"minecraft:iron_pickaxe":3,"chileancraft:pico_de_cobre":1,"minecraft:stone_axe":9,"minecraft:iron_nugget":10,"minecraft:detector_rail":1,"minecraft:rotten_flesh":9,"minecraft:beef":7,"minecraft:egg":3,"minecraft:enchanted_book":1,"minecraft:wheat_seeds":6,"minecraft:feather":2,"minecraft:apple":1,"chileancraft:semilla_de_uva_red_globe":2,"minecraft:gray_wool":1,"minecraft:ink_sac":8,"minecraft:wooden_axe":1,"chileancraft:semilla_de_choclo":1,"minecraft:dried_kelp":36,"minecraft:spruce_sapling":1,"minecraft:stone_shovel":1,"minecraft:chicken":5,"minecraft:spruce_fence":1,"minecraft:shears":1,"minecraft:pumpkin_seeds":9,"chileancraft:chocman":1,"minecraft:diamond_sword":2,"chileancraft:macha_cruda":2,"minecraft:spruce_planks":3,"minecraft:spider_eye":13,"minecraft:moss_block":1,"minecraft:baked_potato":4,"minecraft:leather":9,"chileancraft:cordel":1,"minecraft:flint":4,"chileancraft:semilla_de_uva_pais":2,"chileancraft:ropa_mapuche_0_chestplate":1,"minecraft:cooked_mutton":7,"minecraft:carrot":30,"chileancraft:salitre":2,"minecraft:chest":1,"chileancraft:semilla_de_aji_verde":4,"minecraft:lead":2,"minecraft:activator_rail":2,"chileancraft:curanto":1,"minecraft:diorite":32,"minecraft:torch":19,"travelersbackpack:spider":1,"minecraft:iron_leggings":1,"minecraft:redstone":7,"minecraft:kelp":1,"minecraft:coarse_dirt":7,"minecraft:tuff":6,"minecraft:oak_sapling":4,"chileancraft:hacha_mapuche":1},"minecraft:picked_up":{"minecraft:wooden_axe":1,"minecraft:seagrass":10,"minecraft:diamond_sword":2,"minecraft:lead":10,"minecraft:stone_slab":1,"minecraft:brown_bed":1,"minecraft:enchanted_book":1,"minecraft:amethyst_block":4,"minecraft:string":155,"minecraft:cooked_salmon":2,"minecraft:pufferfish":1,"minecraft:cobbled_deepslate":1182,"minecraft:spruce_planks":259,"minecraft:melon_slice":225,"minecraft:big_dripleaf":3,"chileancraft:jaiva_cruda":7,"chileancraft:tronco_de_araucaria":47,"chileancraft:semilla_de_cebolla":5,"minecraft:stone_sword":2,"minecraft:tropical_fish":21,"minecraft:carved_pumpkin":2,"alexsmobs:flying_fish":2,"alexsmobs:lobster_tail":9,"minecraft:birch_log":12,"minecraft:feather":33,"minecraft:water_bucket":10,"minecraft:jungle_log":209,"minecraft:smoker":1,"alexsmobs:bison_fur":4,"minecraft:flint":52,"travelersbackpack:gold_tier_upgrade":2,"chileancraft:cordel":1,"minecraft:stonecutter":1,"chileancraft:semilla_de_uva_red_globe":3,"minecraft:glowstone_dust":2,"minecraft:moss_block":46,"chileancraft:tuna_0":18,"minecraft:stripped_spruce_log":2,"chileancraft:olla_de_greda_cocida":4,"minecraft:ink_sac":28,"alexsmobs:kangaroo_hide":1,"minecraft:granite":230,"minecraft:bread":2,"alexsmobs:maggot":3,"minecraft:diamond_pickaxe":2,"chileancraft:taza_de_greda_cocida_item":1,"minecraft:crafting_table":41,"chileancraft:tinaja_de_greda_cocida":4,"minecraft:coarse_dirt":19,"minecraft:clay_ball":173,"minecraft:cornflower":14,"alexsmobs:cooked_catfish":2,"minecraft:iron_shovel":2,"chileancraft:chemamull":6,"travelersbackpack:redstone":1,"travelersbackpack:lapis":3,"chileancraft:armadura_de_cobre_helmet":2,"minecraft:beef":89,"minecraft:jungle_sapling":27,"minecraft:iron_nugget":7,"minecraft:poppy":10,"minecraft:spruce_slab":49,"minecraft:chest":15,"alexsmobs:cooked_lobster_tail":7,"minecraft:birch_sapling":2,"minecraft:egg":24,"minecraft:sandstone":1552,"minecraft:stone":24,"minecraft:spruce_fence":7,"chileancraft:macha_cruda":6,"minecraft:carrot":979,"minecraft:redstone":149,"minecraft:prismarine_crystals":3,"minecraft:tnt":1,"minecraft:stone_shovel":13,"minecraft:cooked_cod":2,"minecraft:shears":1,"minecraft:hay_block":3,"chileancraft:telar_down":1,"minecraft:gold_ingot":2,"minecraft:mutton":175,"minecraft:glow_berries":5,"alexsmobs:kangaroo_meat":1,"minecraft:white_wool":102,"minecraft:oxeye_daisy":1,"chileancraft:plato_hondo_de_greda_cocida_item":5,"chileancraft:diguenes":3,"chileancraft:armadura_de_cobre_leggings":2,"minecraft:tripwire_hook":2,"minecraft:oak_log":223,"minecraft:lily_pad":4,"cfm:stripped_birch_chair":6,"minecraft:blue_bed":1,"minecraft:white_banner":2,"minecraft:apple":5,"minecraft:kelp":1874,"alexsmobs:cockroach_wing_fragment":2,"minecraft:stone_pickaxe":15,"chileancraft:choclo":8,"chileancraft:hacha_mapuche":1,"minecraft:flowering_azalea":7,"minecraft:smooth_basalt":12,"alexsmobs:fish_bones":1,"minecraft:sweet_berries":14,"chileancraft:lanza_lacrimogena":2,"minecraft:gravel":599,"minecraft:spruce_sapling":423,"minecraft:spruce_log":2327,"chileancraft:hacha_de_cobre":1,"travelersbackpack:standard":2,"minecraft:slime_ball":42,"minecraft:stone_axe":26,"cfm:spruce_desk_cabinet":1,"chileancraft:ropa_mapuche_0_chestplate":2,"minecraft:gray_wool":2,"minecraft:baked_potato":129,"chileancraft:armadura_de_cobre_chestplate":2,"minecraft:ender_pearl":1,"minecraft:wheat":186,"minecraft:potion":1,"travelersbackpack:spider":1,"chileancraft:ropa_de_huaso_helmet":6,"chileancraft:curanto":1,"minecraft:raw_copper":284,"minecraft:iron_leggings":1,"chileancraft:semilla_de_aji_verde":4,"alexsmobs:banana":1,"minecraft:cobblestone_slab":5,"minecraft:calcite":10,"minecraft:azalea":1,"chileancraft:merluza_cruda":2,"minecraft:iron_pickaxe":7,"minecraft:furnace":12,"minecraft:stick":435,"minecraft:torch":624,"minecraft:spruce_stairs":2,"minecraft:porkchop":16,"chileancraft:uniforme_paco_chestplate":2,"minecraft:dried_kelp":961,"chileancraft:pala_de_cobre":2,"minecraft:diorite":122,"minecraft:cactus":32,"minecraft:rotten_flesh":372,"chileancraft:telar_top":2,"minecraft:obsidian":5,"minecraft:cod":13,"iammusicplayer:boombox":1,"minecraft:cobblestone":6206,"minecraft:nautilus_shell":4,"chileancraft:vino_blanco":1,"minecraft:lilac":6,"minecraft:andesite":332,"minecraft:black_bed":1,"minecraft:golden_leggings":1,"minecraft:potato":811,"chileancraft:armadura_de_cobre_boots":1,"chileancraft:kultrun":2,"minecraft:tuff":75,"chileancraft:lanza_2":7,"chileancraft:salitre":2,"minecraft:dirt":4080,"minecraft:lapis_lazuli":368,"chileancraft:traje_de_huaso_de_salon_helmet":2,"minecraft:bone":95,"minecraft:bow":19,"minecraft:wheat_seeds":488,"minecraft:raw_gold":17,"minecraft:bamboo":57,"minecraft:oak_planks":14,"chileancraft:moneda_de_500":6,"minecraft:cooked_porkchop":2,"chileancraft:bloque_de_paja":1,"minecraft:poisonous_potato":6,"minecraft:sand":5582,"minecraft:mossy_cobblestone":60,"minecraft:spruce_fence_gate":8,"minecraft:clay":1,"minecraft:diamond":26,"chileancraft:pico_de_cobre":2,"minecraft:spruce_boat":15,"alexsmobs:rattlesnake_rattle":2,"minecraft:crossbow":3,"minecraft:oak_sapling":102,"minecraft:oak_leaves":1,"minecraft:fishing_rod":3,"minecraft:cocoa_beans":54,"minecraft:charcoal":33,"minecraft:azure_bluet":2,"minecraft:chicken":53,"minecraft:ladder":8,"minecraft:chest_minecart":5,"minecraft:pink_wool":1,"minecraft:brown_mushroom":25,"minecraft:wooden_pickaxe":1,"chileancraft:semilla_de_tomate_limachino":2,"minecraft:shield":12,"minecraft:moss_carpet":6,"minecraft:iron_axe":4,"chileancraft:cebolla":1,"minecraft:oak_boat":1,"minecraft:light_gray_wool":4,"minecraft:sugar_cane":103,"minecraft:phantom_membrane":1,"minecraft:raw_iron":375,"chileancraft:huevo_de_codorniz":2,"chileancraft:semilla_de_uva_pais":3,"minecraft:copper_ingot":13,"chileancraft:remolino":6,"chileancraft:tuna":30,"minecraft:trident":1,"iammusicplayer:cassette_tape":2,"alexsmobs:crocodile_scute":2,"minecraft:arrow":281,"chileancraft:uniforme_paco_helmet":2,"minecraft:saddle":1,"minecraft:black_banner":1,"minecraft:jungle_boat":30,"minecraft:glow_ink_sac":2,"minecraft:salmon":14,"minecraft:leather":46,"minecraft:gunpowder":39,"minecraft:cobblestone_wall":59,"minecraft:cobblestone_stairs":12,"cfm:stripped_oak_table":3,"minecraft:cooked_mutton":16,"minecraft:iron_ingot":35,"minecraft:cooked_chicken":1,"minecraft:book":154,"minecraft:pumpkin":24,"minecraft:stone_brick_slab":84,"minecraft:dandelion":14,"minecraft:lava_bucket":1,"chileancraft:mentolatum":1,"chileancraft:cardo":8,"minecraft:amethyst_shard":24,"minecraft:white_bed":4,"chileancraft:semilla_de_choclo":6,"minecraft:spruce_door":53,"minecraft:spider_eye":32,"alexsmobs:raw_catfish":2,"minecraft:pumpkin_seeds":4,"chileancraft:doca":22,"chileancraft:manzanilla":3,"minecraft:black_wool":5,"minecraft:coal":443}},"DataVersion":3120}