{"stats":{"minecraft:killed":{"alexsmobs:lobster":14,"minecraft:cave_spider":3,"alexsmobs:murmur":2,"chileancraft:paco":2,"minecraft:cod":2,"minecraft:skeleton":80,"minecraft:chicken":29,"alexsmobs:centipede_head":1,"alexsmobs:skelewag":3,"minecraft:tropical_fish":1,"minecraft:parrot":1,"chileancraft:reineta":2,"minecraft:salmon":12,"chileancraft:macha":6,"chileancraft:codorniz":7,"minecraft:pillager":5,"minecraft:zombie":165,"alexsmobs:roadrunner":2,"minecraft:cow":14,"alexsmobs:raccoon":1,"alexsmobs:seagull":2,"minecraft:horse":15,"minecraft:wandering_trader":3,"alexsmobs:catfish":2,"alexsmobs:crocodile":1,"chileancraft:jaiba":7,"minecraft:enderman":1,"minecraft:witch":1,"minecraft:spider":628,"minecraft:turtle":1,"minecraft:pig":6,"minecraft:creeper":32,"minecraft:sheep":70,"minecraft:trader_llama":6,"alexsmobs:terrapin":1,"alexsmobs:fly":2,"minecraft:slime":33,"alexsmobs:rattlesnake":3,"minecraft:phantom":1,"alexsmobs:bison":4,"minecraft:drowned":84,"chileancraft:mapuche_hombre":1,"alexsmobs:flying_fish":3,"minecraft:squid":10},"minecraft:dropped":{"minecraft:clay":1,"minecraft:porkchop":11,"chileancraft:semilla_de_tomate_limachino":2,"minecraft:diamond":1,"minecraft:dirt":66,"minecraft:iron_pickaxe":3,"chileancraft:pala_de_cobre":1,"chileancraft:pico_de_cobre":1,"minecraft:stone_axe":9,"minecraft:iron_nugget":10,"minecraft:detector_rail":1,"minecraft:rotten_flesh":9,"minecraft:oak_planks":1,"minecraft:salmon":2,"minecraft:beef":7,"iammusicplayer:cassette_tape":1,"chileancraft:sopaipilla":2,"minecraft:egg":3,"minecraft:enchanted_book":1,"minecraft:wheat_seeds":8,"chileancraft:ropa_de_huaso_helmet":1,"minecraft:feather":2,"minecraft:apple":1,"minecraft:polished_andesite":1,"chileancraft:semilla_de_uva_red_globe":2,"minecraft:lava_bucket":1,"minecraft:gray_wool":1,"minecraft:ink_sac":8,"minecraft:wooden_axe":1,"minecraft:cooked_salmon":3,"chileancraft:semilla_de_choclo":1,"minecraft:dried_kelp":36,"minecraft:oak_stairs":3,"minecraft:spruce_sapling":1,"minecraft:stone_shovel":1,"minecraft:chicken":5,"minecraft:spruce_fence":1,"minecraft:shears":1,"minecraft:pumpkin_seeds":9,"chileancraft:chocman":3,"minecraft:diamond_sword":2,"chileancraft:macha_cruda":2,"minecraft:spruce_planks":3,"minecraft:diamond_pickaxe":1,"minecraft:spider_eye":14,"minecraft:moss_block":1,"minecraft:baked_potato":4,"minecraft:leather":9,"chileancraft:cordel":1,"minecraft:flint":4,"chileancraft:semilla_de_uva_pais":2,"chileancraft:ropa_mapuche_0_chestplate":1,"minecraft:cooked_mutton":7,"minecraft:carrot":94,"chileancraft:salitre":2,"minecraft:chest":1,"chileancraft:semilla_de_aji_verde":4,"chileancraft:empanada_de_queso":1,"minecraft:lead":4,"minecraft:activator_rail":2,"minecraft:copper_ingot":17,"chileancraft:curanto":1,"minecraft:diorite":32,"minecraft:torch":19,"travelersbackpack:spider":2,"minecraft:iron_leggings":1,"minecraft:bucket":1,"minecraft:redstone":7,"minecraft:kelp":1,"minecraft:coarse_dirt":7,"minecraft:tuff":6,"minecraft:shield":1,"minecraft:oak_sapling":4,"minecraft:slime_ball":6,"chileancraft:hacha_mapuche":1},"minecraft:picked_up":{"minecraft:wooden_axe":1,"minecraft:seagrass":10,"minecraft:diamond_sword":2,"minecraft:lead":10,"minecraft:stone_slab":1,"minecraft:oak_stairs":3,"minecraft:brown_bed":1,"minecraft:enchanted_book":2,"minecraft:amethyst_block":4,"minecraft:string":173,"minecraft:cooked_salmon":6,"minecraft:pufferfish":1,"minecraft:cobbled_deepslate":1246,"minecraft:spruce_planks":259,"minecraft:melon_slice":225,"minecraft:big_dripleaf":3,"chileancraft:jaiva_cruda":7,"chileancraft:tronco_de_araucaria":47,"chileancraft:semilla_de_cebolla":6,"minecraft:stone_sword":2,"minecraft:tropical_fish":21,"minecraft:carved_pumpkin":2,"alexsmobs:flying_fish":2,"alexsmobs:lobster_tail":9,"minecraft:birch_log":12,"minecraft:feather":33,"minecraft:water_bucket":10,"minecraft:jungle_log":209,"minecraft:smoker":1,"alexsmobs:bison_fur":4,"minecraft:flint":52,"travelersbackpack:gold_tier_upgrade":2,"chileancraft:cordel":1,"minecraft:stonecutter":2,"chileancraft:semilla_de_uva_red_globe":3,"minecraft:glowstone_dust":2,"minecraft:moss_block":47,"chileancraft:tuna_0":18,"minecraft:stripped_spruce_log":2,"chileancraft:olla_de_greda_cocida":4,"minecraft:ink_sac":28,"minecraft:polished_andesite":1,"alexsmobs:kangaroo_hide":1,"minecraft:granite":230,"minecraft:bread":2,"minecraft:rooted_dirt":77,"alexsmobs:maggot":3,"minecraft:diamond_pickaxe":3,"chileancraft:taza_de_greda_cocida_item":1,"minecraft:crafting_table":42,"chileancraft:tinaja_de_greda_cocida":4,"minecraft:coarse_dirt":19,"minecraft:clay_ball":182,"minecraft:cornflower":14,"alexsmobs:cooked_catfish":2,"minecraft:iron_shovel":2,"chileancraft:chemamull":6,"travelersbackpack:redstone":2,"travelersbackpack:lapis":3,"chileancraft:armadura_de_cobre_helmet":2,"minecraft:beef":89,"minecraft:jungle_sapling":27,"minecraft:iron_nugget":7,"minecraft:poppy":10,"minecraft:spruce_slab":49,"minecraft:chest":15,"alexsmobs:cooked_lobster_tail":7,"minecraft:birch_sapling":2,"minecraft:egg":25,"minecraft:sandstone":1713,"minecraft:stone":24,"minecraft:spruce_fence":7,"chileancraft:macha_cruda":6,"minecraft:carrot":1063,"minecraft:redstone":257,"minecraft:prismarine_crystals":3,"minecraft:tnt":1,"minecraft:stone_shovel":13,"minecraft:cooked_cod":2,"minecraft:shears":1,"minecraft:hay_block":3,"chileancraft:telar_down":1,"minecraft:gold_ingot":2,"minecraft:mutton":175,"minecraft:glow_berries":5,"alexsmobs:kangaroo_meat":1,"minecraft:white_wool":102,"minecraft:oxeye_daisy":1,"chileancraft:plato_hondo_de_greda_cocida_item":5,"chileancraft:diguenes":3,"chileancraft:armadura_de_cobre_leggings":2,"minecraft:tripwire_hook":2,"minecraft:oak_log":239,"minecraft:lily_pad":4,"cfm:stripped_birch_chair":6,"minecraft:blue_bed":1,"minecraft:white_banner":2,"minecraft:apple":5,"minecraft:kelp":1874,"alexsmobs:cockroach_wing_fragment":2,"minecraft:stone_pickaxe":15,"chileancraft:choclo":8,"chileancraft:hacha_mapuche":1,"minecraft:flowering_azalea":7,"minecraft:smooth_basalt":12,"alexsmobs:fish_bones":1,"minecraft:sweet_berries":14,"chileancraft:lanza_lacrimogena":2,"minecraft:gravel":600,"minecraft:spruce_sapling":459,"minecraft:spruce_log":2375,"chileancraft:hacha_de_cobre":1,"travelersbackpack:standard":2,"minecraft:slime_ball":48,"minecraft:stone_axe":26,"cfm:spruce_desk_cabinet":1,"chileancraft:ropa_mapuche_0_chestplate":2,"minecraft:gray_wool":2,"minecraft:baked_potato":129,"chileancraft:armadura_de_cobre_chestplate":2,"minecraft:ender_pearl":1,"minecraft:wheat":205,"minecraft:potion":1,"travelersbackpack:spider":1,"chileancraft:ropa_de_huaso_helmet":7,"chileancraft:curanto":1,"minecraft:raw_copper":284,"minecraft:iron_leggings":1,"chileancraft:semilla_de_aji_verde":4,"alexsmobs:banana":1,"minecraft:bucket":1,"minecraft:cobblestone_slab":5,"minecraft:calcite":10,"minecraft:azalea":2,"chileancraft:merluza_cruda":2,"minecraft:iron_pickaxe":7,"minecraft:furnace":13,"minecraft:stick":452,"minecraft:torch":728,"minecraft:spruce_stairs":2,"minecraft:porkchop":16,"chileancraft:uniforme_paco_chestplate":2,"minecraft:dried_kelp":961,"chileancraft:pala_de_cobre":2,"minecraft:diorite":122,"minecraft:cactus":32,"minecraft:rotten_flesh":380,"chileancraft:telar_top":2,"minecraft:obsidian":5,"iammusicplayer:boombox":1,"minecraft:cod":13,"minecraft:cobblestone":6310,"chileancraft:vino_blanco":1,"minecraft:nautilus_shell":4,"minecraft:lilac":6,"minecraft:andesite":338,"minecraft:black_bed":1,"minecraft:golden_leggings":1,"minecraft:potato":904,"alexsmobs:bear_fur":2,"chileancraft:armadura_de_cobre_boots":1,"chileancraft:kultrun":2,"minecraft:tuff":88,"chileancraft:lanza_2":9,"chileancraft:salitre":2,"minecraft:dirt":4238,"minecraft:lapis_lazuli":380,"chileancraft:traje_de_huaso_de_salon_helmet":2,"minecraft:bone":111,"minecraft:bow":19,"minecraft:wheat_seeds":539,"minecraft:raw_gold":63,"minecraft:bamboo":57,"minecraft:oak_planks":15,"chileancraft:moneda_de_500":6,"minecraft:cooked_porkchop":2,"chileancraft:bloque_de_paja":1,"minecraft:poisonous_potato":6,"minecraft:sand":6580,"minecraft:mossy_cobblestone":60,"minecraft:spruce_fence_gate":8,"minecraft:clay":1,"minecraft:diamond":36,"chileancraft:pico_de_cobre":2,"minecraft:spruce_boat":15,"alexsmobs:rattlesnake_rattle":2,"minecraft:crossbow":3,"minecraft:oak_sapling":107,"minecraft:oak_leaves":1,"minecraft:fishing_rod":3,"minecraft:cocoa_beans":54,"minecraft:charcoal":33,"minecraft:azure_bluet":2,"minecraft:chicken":53,"minecraft:ladder":8,"minecraft:chest_minecart":5,"minecraft:pink_wool":1,"minecraft:brown_mushroom":25,"minecraft:wooden_pickaxe":1,"chileancraft:semilla_de_tomate_limachino":2,"minecraft:shield":12,"minecraft:moss_carpet":6,"minecraft:iron_axe":4,"chileancraft:cebolla":1,"minecraft:oak_boat":1,"alexsmobs:elastic_tendon":1,"minecraft:light_gray_wool":4,"minecraft:sugar_cane":103,"minecraft:phantom_membrane":1,"minecraft:raw_iron":418,"chileancraft:huevo_de_codorniz":2,"chileancraft:semilla_de_uva_pais":3,"minecraft:copper_ingot":26,"chileancraft:remolino":6,"chileancraft:tuna":30,"minecraft:trident":1,"iammusicplayer:cassette_tape":2,"alexsmobs:crocodile_scute":2,"minecraft:arrow":294,"chileancraft:uniforme_paco_helmet":2,"minecraft:saddle":1,"minecraft:black_banner":1,"minecraft:jungle_boat":41,"minecraft:glow_ink_sac":4,"minecraft:salmon":19,"minecraft:leather":46,"minecraft:gunpowder":50,"minecraft:cobblestone_wall":59,"minecraft:cobblestone_stairs":12,"cfm:stripped_oak_table":3,"minecraft:cooked_mutton":16,"minecraft:iron_ingot":36,"minecraft:cooked_chicken":1,"minecraft:book":154,"minecraft:pumpkin":24,"minecraft:stone_brick_slab":84,"minecraft:dandelion":14,"minecraft:lava_bucket":1,"chileancraft:mentolatum":1,"chileancraft:cardo":8,"minecraft:amethyst_shard":24,"chileancraft:semilla_de_a_ji_cacho_de_cabra":1,"minecraft:white_bed":5,"chileancraft:semilla_de_choclo":6,"minecraft:spruce_door":53,"minecraft:spider_eye":34,"alexsmobs:raw_catfish":2,"minecraft:pumpkin_seeds":4,"chileancraft:doca":22,"chileancraft:manzanilla":3,"minecraft:black_wool":5,"minecraft:coal":443},"minecraft:mined":{"minecraft:white_bed":4,"minecraft:jungle_leaves":7,"minecraft:carved_pumpkin":2,"minecraft:granite":241,"chileancraft:doca":13,"minecraft:jungle_log":83,"minecraft:oxeye_daisy":1,"minecraft:spawner":2,"minecraft:tall_seagrass":2,"chileancraft:tuna_17":6,"minecraft:cobbled_deepslate":75,"minecraft:fire":1,"minecraft:pumpkin":8,"minecraft:moss_carpet":1,"minecraft:deepslate_lapis_ore":21,"minecraft:cave_vines":9,"minecraft:dirt_path":1,"cfm:stripped_birch_chair":5,"minecraft:brown_mushroom":13,"minecraft:kelp_plant":599,"minecraft:smoker":1,"minecraft:amethyst_cluster":6,"minecraft:torch":246,"minecraft:melon":21,"minecraft:dead_bush":7,"minecraft:sugar_cane":59,"chileancraft:taza_de_greda_cocida":1,"minecraft:amethyst_block":4,"chileancraft:choclo_8":2,"chileancraft:plato_hondo_de_greda_cocida":4,"minecraft:wheat":226,"minecraft:lilac":7,"minecraft:black_bed":1,"minecraft:grass":83,"minecraft:smooth_basalt":15,"minecraft:stonecutter":2,"minecraft:deepslate":1096,"minecraft:mossy_cobblestone":60,"chileancraft:cebolla_4":1,"minecraft:sea_lantern":1,"minecraft:spruce_fence":3,"chileancraft:bloque_de_paja":1,"minecraft:moss_block":41,"minecraft:kelp":115,"minecraft:andesite":340,"minecraft:potatoes":274,"minecraft:cobblestone_slab":5,"minecraft:vine":16,"minecraft:bamboo":2,"minecraft:hanging_roots":1,"minecraft:stone_brick_slab":81,"minecraft:dandelion":13,"minecraft:cornflower":7,"minecraft:campfire":3,"minecraft:tall_grass":13,"minecraft:copper_ore":63,"chileancraft:cardo":4,"minecraft:deepslate_gold_ore":47,"minecraft:diorite":98,"minecraft:coarse_dirt":14,"minecraft:cobblestone_wall":26,"minecraft:spruce_log":2205,"minecraft:birch_leaves":7,"minecraft:gravel":519,"minecraft:cobweb":79,"minecraft:spruce_fence_gate":8,"minecraft:fern":36,"minecraft:spruce_planks":108,"chileancraft:mena_desalitre":1,"minecraft:cobblestone_stairs":12,"minecraft:cave_vines_plant":4,"minecraft:grass_block":1712,"iammusicplayer:boombox":1,"minecraft:iron_ore":183,"minecraft:azure_bluet":1,"minecraft:azalea":2,"minecraft:spruce_slab":43,"minecraft:deepslate_redstone_ore":54,"chileancraft:tronco_de_araucaria":21,"chileancraft:hojas_de_araucaria":1,"chileancraft:telar_top":1,"minecraft:clay":40,"minecraft:calcite":10,"minecraft:poppy":11,"minecraft:chest":11,"chileancraft:remolino":2,"minecraft:cobblestone":260,"minecraft:oak_planks":7,"minecraft:wall_torch":44,"minecraft:deepslate_copper_ore":2,"chileancraft:tinaja_de_greda_cocida":3,"minecraft:birch_log":6,"minecraft:tnt":1,"minecraft:oak_log":239,"minecraft:sand":5530,"minecraft:dirt":1743,"chileancraft:chemamull":3,"minecraft:oak_leaves":101,"minecraft:tuff":72,"chileancraft:cebolla_5":1,"travelersbackpack:lapis":2,"cfm:stripped_oak_table":1,"minecraft:deepslate_diamond_ore":31,"minecraft:ladder":8,"cfm:spruce_desk_cabinet":1,"minecraft:spruce_leaves":68,"minecraft:sandstone":1389,"minecraft:rooted_dirt":77,"minecraft:large_fern":8,"minecraft:hay_block":3,"minecraft:spruce_sapling":11,"minecraft:furnace":12,"minecraft:carrots":253,"minecraft:stripped_spruce_log":2,"chileancraft:diguene":4,"minecraft:bookshelf":13,"minecraft:deepslate_iron_ore":151,"minecraft:stone":5580,"minecraft:podzol":79,"minecraft:flowering_azalea":7,"minecraft:spruce_door":41,"travelersbackpack:standard":2,"minecraft:crafting_table":35,"minecraft:stone_slab":1,"minecraft:lapis_ore":36,"minecraft:lily_pad":4,"minecraft:blue_bed":1,"minecraft:spruce_stairs":1,"minecraft:cactus":32,"minecraft:sweet_berry_bush":6,"minecraft:coal_ore":332,"minecraft:cocoa":8,"chileancraft:olla_de_greda_cocida":3,"minecraft:polished_andesite":1},"minecraft:used":{"minecraft:moss_block":14,"minecraft:spruce_slab":384,"minecraft:ladder":98,"minecraft:chest":76,"minecraft:rotten_flesh":46,"iammusicplayer:boombox":1,"minecraft:spruce_boat":11,"minecraft:jungle_sapling":3,"chileancraft:olla_de_greda_cocida":3,"minecraft:lava_bucket":4,"cfm:spruce_desk_cabinet":3,"chileancraft:telar_top":1,"minecraft:stone_brick_stairs":18,"chileancraft:pala_de_cobre":2609,"minecraft:bow":176,"minecraft:oak_sapling":7,"minecraft:furnace":15,"minecraft:cooked_cod":2,"minecraft:egg":4,"minecraft:potato":301,"minecraft:diorite":3,"minecraft:spruce_door":44,"minecraft:cactus":16,"minecraft:wooden_pickaxe":26,"minecraft:clay":3,"minecraft:jungle_boat":41,"minecraft:oak_leaves":1,"minecraft:glow_berries":21,"minecraft:sand":1374,"minecraft:blast_furnace":3,"chileancraft:pico_de_cobre":3207,"minecraft:lilac":4,"minecraft:diamond_sword":853,"minecraft:smithing_table":1,"cfm:stripped_birch_chair":5,"minecraft:stone_sword":90,"minecraft:carved_pumpkin":2,"minecraft:cooked_salmon":3,"minecraft:torch":1103,"minecraft:anvil":1,"minecraft:flowering_azalea":4,"minecraft:iron_axe":318,"chileancraft:ropa_de_huaso_helmet":1,"travelersbackpack:squid":2,"chileancraft:bloque_de_paja":1,"minecraft:smooth_basalt":5,"minecraft:cobbled_deepslate":323,"minecraft:wheat_seeds":251,"alexsmobs:cooked_catfish":2,"minecraft:water_bucket":56,"minecraft:spruce_fence_gate":24,"cfm:spruce_chair":2,"chileancraft:diguenes":7,"minecraft:tnt":5,"minecraft:crafting_table":36,"minecraft:campfire":24,"minecraft:white_bed":5,"chileancraft:tinaja_de_greda_cocida":3,"minecraft:spruce_log":217,"minecraft:diamond_pickaxe":2071,"minecraft:cornflower":4,"minecraft:diamond_shovel":603,"minecraft:iron_pickaxe":3330,"minecraft:spruce_trapdoor":3,"minecraft:spruce_sapling":109,"cfm:stripped_oak_table":3,"minecraft:cobblestone":1529,"travelersbackpack:standard":10,"minecraft:cooked_porkchop":2,"minecraft:kelp":224,"minecraft:dandelion":2,"minecraft:iron_shovel":1751,"travelersbackpack:lapis":10,"minecraft:shield":287,"minecraft:carrot":735,"travelersbackpack:iron":7,"minecraft:tuff":39,"minecraft:axolotl_bucket":2,"alexsmobs:lobster_tail":1,"alexsmobs:cooked_lobster_tail":4,"minecraft:hay_block":3,"travelersbackpack:spider":2,"minecraft:stone_pickaxe":1781,"minecraft:oak_planks":31,"minecraft:ender_pearl":1,"chileancraft:tronco_de_araucaria":7,"minecraft:sandstone":325,"minecraft:sugar_cane":20,"minecraft:blue_bed":1,"chileancraft:semilla_de_cebolla":3,"minecraft:black_bed":2,"minecraft:shears":1,"alexsmobs:terrapin_bucket":3,"chileancraft:hacha_de_cobre":1042,"minecraft:melon_slice":26,"minecraft:bread":9,"minecraft:gravel":493,"chileancraft:semilla_de_choclo":2,"minecraft:andesite":14,"minecraft:coarse_dirt":7,"minecraft:bone_meal":41,"minecraft:azalea":2,"minecraft:flint_and_steel":5,"minecraft:tropical_fish":15,"minecraft:stone_shovel":4543,"minecraft:dried_kelp":242,"minecraft:spruce_planks":415,"minecraft:stone_hoe":77,"minecraft:cooked_chicken":3,"minecraft:dirt":1024,"minecraft:hopper":4,"minecraft:spruce_stairs":2,"minecraft:cobblestone_wall":664,"minecraft:spruce_fence":33,"minecraft:granite":21,"chileancraft:doca":12,"minecraft:stone_brick_slab":430,"alexsmobs:maggot":3,"minecraft:bookshelf":1,"chileancraft:chemamull":2,"alexsmobs:lobster_bucket":25,"minecraft:cooked_beef":1,"minecraft:pumpkin":1,"chileancraft:mentolatum":1,"minecraft:iron_leggings":1,"minecraft:cooked_mutton":1,"minecraft:amethyst_block":1,"minecraft:cobblestone_stairs":169,"minecraft:baked_potato":218,"chileancraft:chocman":1,"minecraft:brown_mushroom":1,"minecraft:spruce_sign":36,"minecraft:stonecutter":3,"minecraft:cobblestone_slab":28,"chileancraft:plato_hondo_de_greda_cocida_item":5,"minecraft:smoker":4,"minecraft:apple":1,"chileancraft:tablones_de_araucaria":4,"chileancraft:remolino":5,"minecraft:stone_slab":1,"minecraft:stone_axe":3491,"minecraft:fishing_rod":36,"minecraft:bucket":114,"alexsmobs:animal_dictionary":3},"minecraft:killed_by":{"alexsmobs:cachalot_whale":1,"minecraft:zombie":3,"alexsmobs:skelewag":2,"alexsmobs:centipede_head":1,"chileancraft:tue_tue":1,"minecraft:creeper":3,"minecraft:drowned":3,"minecraft:enderman":3,"chileancraft:paco":1,"minecraft:skeleton":5,"minecraft:phantom":2},"minecraft:broken":{"chileancraft:uniforme_paco_helmet":1,"minecraft:diamond_pickaxe":1,"chileancraft:hacha_de_cobre":7,"chileancraft:uniforme_paco_chestplate":1,"minecraft:stone_sword":1,"minecraft:shield":4,"minecraft:iron_axe":2,"minecraft:iron_pickaxe":12,"minecraft:iron_shovel":7,"minecraft:golden_leggings":1,"minecraft:stone_pickaxe":11,"minecraft:stone_axe":13,"minecraft:stone_shovel":31,"chileancraft:pico_de_cobre":16,"chileancraft:pala_de_cobre":13},"minecraft:custom":{"minecraft:interact_with_crafting_table":268,"minecraft:open_barrel":1,"minecraft:leave_game":22,"minecraft:time_since_death":548874,"minecraft:damage_blocked_by_shield":14325,"minecraft:play_time":2086030,"minecraft:deaths":25,"minecraft:jump":31713,"minecraft:enchant_item":11,"minecraft:interact_with_furnace":189,"minecraft:traded_with_villager":112,"minecraft:sleep_in_bed":39,"minecraft:damage_dealt":189873,"minecraft:interact_with_smoker":61,"minecraft:horse_one_cm":90853,"minecraft:interact_with_smithing_table":9,"minecraft:interact_with_anvil":10,"minecraft:inspect_hopper":6,"minecraft:sneak_time":362059,"minecraft:interact_with_blast_furnace":56,"minecraft:total_world_time":2086030,"minecraft:interact_with_stonecutter":28,"minecraft:time_since_rest":61279,"minecraft:swim_one_cm":1302036,"minecraft:fly_one_cm":5821172,"minecraft:open_chest":1418,"minecraft:fish_caught":15,"minecraft:fall_one_cm":523483,"minecraft:sprint_one_cm":3411977,"minecraft:drop":175,"minecraft:talked_to_villager":59,"minecraft:walk_on_water_one_cm":450107,"minecraft:player_kills":1,"minecraft:crouch_one_cm":1123294,"minecraft:mob_kills":1306,"minecraft:interact_with_campfire":1032,"minecraft:climb_one_cm":202739,"minecraft:walk_one_cm":4470434,"minecraft:walk_under_water_one_cm":549737,"minecraft:boat_one_cm":922039,"minecraft:damage_taken":24103},"minecraft:crafted":{"minecraft:black_dye":3,"minecraft:smooth_stone":9,"alexsmobs:animal_dictionary":1,"travelersbackpack:crafting_upgrade":1,"iammusicplayer:boombox":1,"minecraft:diamond_shovel":1,"minecraft:bookshelf":1,"minecraft:glass":64,"chileancraft:armadura_de_cobre_leggings":1,"minecraft:dried_kelp_block":135,"minecraft:black_wool":2,"minecraft:emerald":106,"travelersbackpack:lapis":4,"minecraft:jungle_boat":1,"travelersbackpack:standard":6,"minecraft:spruce_door":6,"minecraft:smithing_table":1,"minecraft:copper_ingot":220,"minecraft:campfire":24,"minecraft:stone_slab":6,"minecraft:iron_pickaxe":15,"minecraft:iron_block":3,"chileancraft:moneda_de_50":295,"minecraft:gold_ingot":17,"minecraft:sandstone":11,"minecraft:spruce_fence_gate":16,"minecraft:stone_shovel":42,"minecraft:jukebox":1,"minecraft:iron_nugget":9,"minecraft:bone_meal":42,"minecraft:spruce_fence":39,"chileancraft:armadura_de_cobre_helmet":1,"travelersbackpack:blank_upgrade":8,"travelersbackpack:gold_tier_upgrade":2,"travelersbackpack:white_sleeping_bag":1,"minecraft:ladder":114,"minecraft:spruce_slab":420,"minecraft:stone_pickaxe":22,"minecraft:spruce_boat":2,"minecraft:lead":2,"travelersbackpack:spider":2,"minecraft:dried_kelp":549,"minecraft:blue_bed":1,"minecraft:enchanted_book":3,"cfm:spruce_chair":4,"minecraft:iron_shovel":7,"minecraft:white_bed":2,"chileancraft:moneda_de_100":182,"minecraft:note_block":2,"chileancraft:hacha_de_cobre":8,"chileancraft:armadura_de_cobre_chestplate":1,"minecraft:oak_planks":668,"travelersbackpack:iron":1,"minecraft:cobblestone_slab":6,"chileancraft:ropa_de_huaso_helmet":1,"minecraft:cooked_chicken":7,"chileancraft:armadura_de_cobre_boots":1,"minecraft:cobblestone_stairs":44,"minecraft:stone":457,"minecraft:green_dye":2,"chileancraft:paja":10,"minecraft:hopper":4,"minecraft:bow":7,"chileancraft:pico_de_cobre":16,"minecraft:chest":78,"minecraft:stone_hoe":2,"minecraft:smoker":3,"travelersbackpack:iron_tier_upgrade":2,"minecraft:arrow":164,"minecraft:crafting_table":6,"minecraft:spruce_planks":2324,"minecraft:wooden_pickaxe":1,"minecraft:baked_potato":256,"travelersbackpack:blue_sleeping_bag":1,"minecraft:tnt":4,"minecraft:spruce_trapdoor":4,"minecraft:diamond_pickaxe":2,"minecraft:charcoal":104,"minecraft:shield":11,"minecraft:stick":2948,"minecraft:iron_ingot":230,"chileancraft:tablones_de_araucaria":4,"minecraft:stone_sword":3,"cfm:spruce_desk_cabinet":2,"minecraft:black_bed":1,"minecraft:shears":2,"chileancraft:copper_nugget":369,"minecraft:spruce_button":1,"minecraft:furnace":11,"minecraft:blast_furnace":3,"minecraft:flint_and_steel":1,"chileancraft:traje_de_huaso_de_salon_helmet":1,"minecraft:iron_axe":2,"chileancraft:moneda_de_500":40,"minecraft:diamond_sword":1,"minecraft:spruce_sign":39,"travelersbackpack:backpack_tank":6,"chileancraft:moneda_de_10":1476,"minecraft:bucket":3,"minecraft:stone_axe":53,"minecraft:bread":8,"minecraft:air":0,"minecraft:jungle_planks":56,"minecraft:blue_dye":3,"travelersbackpack:squid":1,"minecraft:white_dye":1,"chileancraft:pala_de_cobre":14,"chileancraft:mil_pesos":14,"minecraft:stonecutter":1,"minecraft:anvil":1,"minecraft:torch":840,"minecraft:lapis_block":4,"minecraft:clay":3}},"DataVersion":3120}