{"stats":{"minecraft:killed":{"minecraft:spider":1,"minecraft:skeleton":4,"minecraft:chicken":2,"minecraft:pig":3,"minecraft:salmon":2,"minecraft:sheep":1,"minecraft:zombie":8,"minecraft:drowned":1},"minecraft:dropped":{"minecraft:iron_sword":3,"minecraft:crafting_table":3,"minecraft:dirt":4,"chileancraft:mil_pesos":1,"minecraft:cooked_cod":6,"minecraft:wooden_sword":3,"minecraft:sand":1,"minecraft:iron_pickaxe":3,"minecraft:birch_log":1,"minecraft:white_wool":1,"minecraft:bone":5,"minecraft:gravel":1,"chileancraft:pico_de_cobre":3,"minecraft:salmon":1,"minecraft:leather_chestplate":2,"chileancraft:trutruca":1,"minecraft:arrow":2,"minecraft:egg":3,"minecraft:iron_ingot":2,"minecraft:feather":4,"minecraft:cobblestone":12,"minecraft:prismarine_crystals":1,"minecraft:apple":1,"minecraft:granite":1,"minecraft:spruce_door":2,"minecraft:coal":18,"chileancraft:semilla_de_uva_red_globe":4,"minecraft:stick":9,"minecraft:polished_andesite":26,"minecraft:diorite":9,"minecraft:ink_sac":3,"minecraft:iron_shovel":2,"minecraft:tripwire_hook":2,"minecraft:bucket":1,"minecraft:spruce_sapling":1,"minecraft:stone_sword":7,"chileancraft:manzanilla":2,"minecraft:diamond_sword":3,"minecraft:spruce_boat":1,"minecraft:shield":1,"minecraft:spruce_planks":5,"minecraft:andesite":1,"minecraft:iron_chestplate":1,"minecraft:wooden_shovel":2,"minecraft:brown_bed":1,"minecraft:stone_bricks":1,"minecraft:spider_eye":1,"minecraft:stone_pickaxe":1},"minecraft:picked_up":{"minecraft:wooden_axe":5,"minecraft:iron_chestplate":8,"minecraft:wheat":8,"minecraft:lead":4,"minecraft:diamond_sword":5,"minecraft:oak_stairs":6,"minecraft:brown_bed":2,"minecraft:potion":7,"minecraft:stone_brick_stairs":50,"travelersbackpack:spider":2,"chileancraft:ropa_de_huaso_helmet":2,"minecraft:string":12,"minecraft:raw_copper":405,"minecraft:cooked_salmon":8,"minecraft:cobbled_deepslate":132,"minecraft:bucket":1,"minecraft:spruce_planks":24,"minecraft:rose_bush":2,"minecraft:wooden_shovel":4,"minecraft:iron_pickaxe":7,"minecraft:stick":70,"minecraft:composter":2,"minecraft:torch":21,"minecraft:spruce_stairs":22,"minecraft:porkchop":5,"chileancraft:empanada_de_queso":1,"chileancraft:pala_de_cobre":2,"minecraft:diorite":53,"chileancraft:semilla_de_cebolla":2,"minecraft:stone_sword":15,"minecraft:rotten_flesh":28,"minecraft:tropical_fish":3,"chileancraft:telar_top":1,"minecraft:cod":5,"alexsmobs:lobster_tail":1,"minecraft:cobblestone":2041,"minecraft:birch_log":6,"minecraft:leather_chestplate":1,"minecraft:feather":11,"minecraft:lilac":18,"minecraft:andesite":291,"minecraft:potato":29,"minecraft:flint":3,"chileancraft:sopaipilla":2,"minecraft:lapis_lazuli":58,"minecraft:lantern":3,"minecraft:dirt":1074,"minecraft:leather_boots":1,"minecraft:bone":29,"minecraft:wheat_seeds":32,"chileancraft:semilla_de_uva_red_globe":10,"minecraft:oak_planks":10,"minecraft:sand":140,"minecraft:stripped_spruce_log":3,"chileancraft:olla_de_greda_cocida":1,"minecraft:ink_sac":3,"alexsmobs:animal_dictionary":1,"minecraft:polished_andesite":317,"chileancraft:pico_de_cobre":3,"minecraft:diamond":6,"minecraft:spruce_boat":12,"minecraft:granite":68,"minecraft:bread":26,"minecraft:oak_sapling":19,"chileancraft:mil_pesos":10,"minecraft:fishing_rod":2,"minecraft:charcoal":2,"chileancraft:tinaja_de_greda_cocida":1,"minecraft:crafting_table":12,"minecraft:chicken":6,"minecraft:leather_leggings":7,"minecraft:brown_mushroom":4,"minecraft:wooden_pickaxe":2,"minecraft:stone_brick_wall":33,"chileancraft:semilla_de_tomate_limachino":1,"minecraft:shield":3,"minecraft:stone_stairs":10,"minecraft:wooden_sword":5,"minecraft:iron_axe":5,"minecraft:flint_and_steel":2,"minecraft:iron_shovel":2,"chileancraft:armadura_de_cobre_helmet":2,"minecraft:beef":54,"minecraft:iron_nugget":1,"minecraft:spruce_slab":4,"minecraft:chest":1,"minecraft:sugar_cane":14,"minecraft:raw_copper_block":1,"minecraft:egg":15,"chileancraft:huevo_de_codorniz":1,"minecraft:raw_iron":52,"minecraft:sandstone":109,"minecraft:stone":8,"chileancraft:semilla_de_uva_pais":2,"minecraft:copper_ingot":17,"chileancraft:remolino":4,"chileancraft:moneda_de_100":144,"minecraft:carrot":105,"minecraft:prismarine_crystals":24,"minecraft:tnt":1,"minecraft:cooked_cod":15,"minecraft:stone_shovel":3,"minecraft:arrow":24,"minecraft:diamond_chestplate":2,"minecraft:hay_block":20,"minecraft:gold_ingot":12,"minecraft:mutton":10,"minecraft:white_wool":12,"chileancraft:plato_hondo_de_greda_cocida_item":1,"chileancraft:diguenes":2,"chileancraft:semilla_de_uva_moscatel":6,"chileancraft:armadura_de_cobre_leggings":2,"minecraft:tripwire_hook":4,"minecraft:salmon":4,"minecraft:filled_map":4,"alexsmobs:cachalot_whale_tooth":1,"minecraft:oak_log":127,"minecraft:cobblestone_wall":2,"minecraft:apple":3,"minecraft:stone_bricks":226,"minecraft:kelp":39,"minecraft:stone_pickaxe":4,"minecraft:heart_of_the_sea":3,"minecraft:iron_ingot":63,"minecraft:cooked_chicken":1,"chileancraft:chocman":2,"minecraft:iron_sword":6,"minecraft:sweet_berries":7,"minecraft:stone_brick_slab":6,"minecraft:gravel":76,"minecraft:lava_bucket":1,"minecraft:blast_furnace":2,"minecraft:spruce_sapling":6,"chileancraft:semilla_de_a_ji_cacho_de_cabra":2,"minecraft:white_bed":8,"minecraft:spruce_log":264,"chileancraft:semilla_de_choclo":4,"chileancraft:trutruca":1,"minecraft:spruce_door":6,"minecraft:spider_eye":3,"chileancraft:ropa_mapuche_0_chestplate":4,"chileancraft:manzanilla":4,"chileancraft:armadura_de_cobre_chestplate":1,"minecraft:coal":133},"minecraft:mined":{"minecraft:spruce_planks":2,"minecraft:white_bed":8,"minecraft:granite":36,"minecraft:grass_block":199,"minecraft:stone_brick_wall":24,"minecraft:iron_ore":53,"minecraft:cobbled_deepslate":10,"minecraft:brown_bed":1,"minecraft:dirt_path":1,"minecraft:brown_mushroom":2,"minecraft:torch":9,"minecraft:chest":1,"chileancraft:remolino":2,"minecraft:cobblestone":42,"minecraft:sugar_cane":7,"minecraft:oak_planks":1,"minecraft:wall_torch":7,"chileancraft:manzanilla":1,"minecraft:birch_log":5,"minecraft:wheat":8,"minecraft:lilac":10,"minecraft:stone_brick_stairs":39,"minecraft:grass":96,"minecraft:oak_log":53,"minecraft:sand":30,"minecraft:dirt":631,"minecraft:raw_copper_block":1,"minecraft:red_mushroom_block":2,"minecraft:oak_leaves":10,"minecraft:glow_lichen":1,"minecraft:spruce_leaves":57,"minecraft:sandstone":28,"minecraft:large_fern":2,"minecraft:hay_block":5,"minecraft:oak_trapdoor":1,"minecraft:andesite":177,"minecraft:stripped_spruce_log":3,"minecraft:lantern":1,"minecraft:stone":1225,"travelersbackpack:spider":1,"minecraft:spruce_door":3,"minecraft:crafting_table":8,"minecraft:rose_bush":2,"minecraft:tall_grass":6,"minecraft:copper_ore":57,"minecraft:lapis_ore":8,"minecraft:diorite":44,"minecraft:spruce_stairs":13,"minecraft:cobblestone_wall":2,"minecraft:spruce_log":116,"minecraft:birch_leaves":4,"minecraft:coal_ore":62,"minecraft:gravel":43,"minecraft:polished_andesite":119,"minecraft:stone_bricks":21,"minecraft:fern":5},"minecraft:used":{"minecraft:iron_shovel":494,"minecraft:chest":8,"minecraft:shield":5,"minecraft:iron_sword":33,"minecraft:iron_chestplate":4,"minecraft:carrot":49,"minecraft:spruce_boat":10,"minecraft:lantern":6,"minecraft:stone_brick_stairs":54,"minecraft:stone_bricks":160,"chileancraft:pala_de_cobre":64,"minecraft:sweet_berries":6,"minecraft:furnace":2,"minecraft:cooked_cod":1,"minecraft:egg":11,"travelersbackpack:spider":10,"minecraft:diorite":10,"minecraft:leather_leggings":2,"minecraft:spruce_door":5,"minecraft:stone_pickaxe":644,"minecraft:wooden_pickaxe":47,"chileancraft:ropa_mapuche_0_chestplate":1,"minecraft:leather_chestplate":1,"minecraft:sandstone":3,"minecraft:sand":56,"minecraft:blast_furnace":1,"minecraft:stone_brick_wall":43,"minecraft:bread":9,"chileancraft:armadura_de_cobre_leggings":2,"minecraft:gravel":5,"chileancraft:pico_de_cobre":401,"minecraft:diamond_sword":62,"minecraft:wooden_sword":78,"minecraft:andesite":2,"minecraft:stone_sword":103,"minecraft:stone_shovel":7,"minecraft:spruce_planks":9,"minecraft:wooden_shovel":9,"minecraft:cooked_salmon":3,"minecraft:cooked_chicken":2,"minecraft:torch":30,"minecraft:dirt":806,"minecraft:spruce_stairs":40,"minecraft:cobblestone_wall":2,"minecraft:granite":2,"chileancraft:armadura_de_cobre_helmet":1,"minecraft:wooden_axe":92,"minecraft:iron_axe":70,"minecraft:diamond_chestplate":1,"minecraft:cooked_beef":2,"minecraft:cobbled_deepslate":71,"minecraft:brown_bed":1,"minecraft:wheat_seeds":10,"minecraft:polished_andesite":163,"minecraft:stonecutter":1,"minecraft:leather_boots":2,"minecraft:crafting_table":16,"minecraft:white_bed":8,"minecraft:spruce_log":2,"minecraft:apple":2,"chileancraft:super_8":2,"minecraft:oak_button":2,"minecraft:iron_pickaxe":1000,"chileancraft:remolino":2,"minecraft:spruce_sapling":1,"minecraft:fishing_rod":17,"minecraft:cobblestone":319,"minecraft:potion":1,"minecraft:cooked_porkchop":1,"minecraft:bucket":5,"alexsmobs:animal_dictionary":5,"chileancraft:sopaipilla":3},"minecraft:killed_by":{"minecraft:creeper":3,"minecraft:drowned":1,"minecraft:zombie":1,"alexsmobs:skelewag":1,"minecraft:player":1,"minecraft:enderman":1,"minecraft:skeleton":4},"minecraft:broken":{"minecraft:iron_shovel":1,"minecraft:stone_pickaxe":4,"minecraft:wooden_axe":1,"chileancraft:pico_de_cobre":2,"minecraft:wooden_pickaxe":1,"minecraft:iron_pickaxe":4},"minecraft:custom":{"minecraft:animals_bred":3,"minecraft:interact_with_crafting_table":114,"minecraft:open_barrel":2,"minecraft:leave_game":19,"minecraft:time_since_death":14843,"minecraft:sprint_one_cm":231500,"minecraft:damage_blocked_by_shield":150,"minecraft:drop":139,"minecraft:talked_to_villager":4,"minecraft:play_time":776523,"minecraft:deaths":12,"minecraft:jump":7651,"minecraft:walk_on_water_one_cm":205815,"minecraft:interact_with_furnace":81,"minecraft:sleep_in_bed":43,"minecraft:damage_dealt":4556,"minecraft:crouch_one_cm":35184,"minecraft:mob_kills":28,"minecraft:climb_one_cm":5783,"minecraft:walk_one_cm":3488953,"minecraft:sneak_time":10765,"minecraft:walk_under_water_one_cm":104599,"minecraft:boat_one_cm":930063,"minecraft:interact_with_blast_furnace":1,"minecraft:total_world_time":776523,"minecraft:interact_with_stonecutter":39,"minecraft:time_since_rest":14873,"minecraft:damage_taken":5235,"minecraft:swim_one_cm":12823,"minecraft:fly_one_cm":88880,"minecraft:open_chest":241,"minecraft:fish_caught":7,"minecraft:fall_one_cm":72346},"minecraft:crafted":{"chileancraft:armadura_de_cobre_chestplate":1,"minecraft:oak_planks":30,"chileancraft:cinco_mil_pesos":1,"minecraft:cooked_chicken":3,"chileancraft:armadura_de_cobre_boots":1,"minecraft:stone":364,"chileancraft:dos_mil_pesos":2,"minecraft:stone_brick_slab":6,"chileancraft:pico_de_cobre":2,"chileancraft:armadura_de_cobre_leggings":1,"minecraft:chest":7,"minecraft:oak_button":2,"minecraft:stone_bricks":203,"minecraft:wooden_shovel":1,"minecraft:cooked_porkchop":1,"minecraft:crafting_table":8,"minecraft:spruce_planks":252,"minecraft:wooden_pickaxe":3,"minecraft:spruce_door":6,"minecraft:copper_ingot":179,"minecraft:campfire":1,"minecraft:stone_brick_stairs":57,"minecraft:iron_chestplate":1,"minecraft:charcoal":7,"minecraft:stick":68,"minecraft:iron_ingot":20,"minecraft:iron_pickaxe":4,"minecraft:stone_sword":2,"chileancraft:moneda_de_50":144,"minecraft:shears":1,"minecraft:polished_andesite":127,"chileancraft:copper_nugget":756,"minecraft:wooden_sword":3,"minecraft:stone_shovel":1,"minecraft:stone_brick_wall":20,"minecraft:fishing_rod":1,"minecraft:iron_nugget":36,"minecraft:furnace":2,"chileancraft:armadura_de_cobre_helmet":1,"minecraft:stone_stairs":10,"minecraft:flint_and_steel":1,"minecraft:lantern":4,"minecraft:spruce_stairs":36,"minecraft:iron_axe":1,"minecraft:spruce_wood":3,"minecraft:stone_pickaxe":8,"minecraft:spruce_boat":5,"chileancraft:moneda_de_500":14,"minecraft:cooked_beef":2,"minecraft:cooked_cod":5,"minecraft:diamond_sword":1,"minecraft:iron_sword":1,"minecraft:cooked_salmon":2,"chileancraft:moneda_de_10":720,"minecraft:white_wool":2,"minecraft:wooden_axe":3,"chileancraft:mil_pesos":7,"minecraft:iron_shovel":2,"minecraft:stonecutter":1,"minecraft:white_bed":1,"chileancraft:moneda_de_100":72,"minecraft:torch":20}},"DataVersion":3120}