{"stats":{"minecraft:used":{"minecraft:iron_shovel":494,"minecraft:chest":8,"minecraft:iron_sword":33,"minecraft:iron_chestplate":4,"minecraft:carrot":22,"minecraft:spruce_boat":10,"minecraft:lantern":6,"chileancraft:pala_de_cobre":10,"minecraft:sweet_berries":6,"minecraft:furnace":2,"minecraft:cooked_cod":1,"minecraft:egg":11,"travelersbackpack:spider":9,"minecraft:diorite":10,"minecraft:leather_leggings":2,"minecraft:spruce_door":5,"minecraft:stone_pickaxe":626,"minecraft:leather_chestplate":1,"minecraft:wooden_pickaxe":47,"chileancraft:ropa_mapuche_0_chestplate":1,"minecraft:sandstone":3,"minecraft:sand":56,"minecraft:bread":9,"chileancraft:armadura_de_cobre_leggings":1,"chileancraft:pico_de_cobre":160,"minecraft:gravel":5,"minecraft:diamond_sword":33,"minecraft:wooden_sword":78,"minecraft:andesite":2,"minecraft:stone_sword":103,"minecraft:stone_shovel":7,"minecraft:spruce_planks":9,"minecraft:wooden_shovel":9,"minecraft:cooked_salmon":3,"minecraft:cooked_chicken":2,"minecraft:torch":30,"minecraft:dirt":776,"minecraft:cobblestone_wall":2,"minecraft:granite":2,"minecraft:wooden_axe":92,"minecraft:iron_axe":70,"minecraft:cooked_beef":2,"minecraft:brown_bed":1,"minecraft:wheat_seeds":10,"minecraft:polished_andesite":15,"minecraft:stonecutter":1,"minecraft:leather_boots":2,"minecraft:crafting_table":16,"minecraft:white_bed":8,"minecraft:spruce_log":2,"minecraft:apple":2,"chileancraft:super_8":2,"minecraft:oak_button":2,"minecraft:iron_pickaxe":1000,"chileancraft:remolino":2,"minecraft:spruce_sapling":1,"minecraft:fishing_rod":17,"minecraft:cobblestone":319,"minecraft:cooked_porkchop":1,"minecraft:bucket":5,"alexsmobs:animal_dictionary":5,"chileancraft:sopaipilla":2},"minecraft:crafted":{"chileancraft:armadura_de_cobre_chestplate":1,"minecraft:oak_planks":30,"chileancraft:cinco_mil_pesos":1,"minecraft:cooked_chicken":3,"chileancraft:armadura_de_cobre_boots":1,"minecraft:stone":250,"chileancraft:dos_mil_pesos":2,"chileancraft:pico_de_cobre":2,"chileancraft:armadura_de_cobre_leggings":1,"minecraft:chest":7,"minecraft:oak_button":2,"minecraft:stone_bricks":147,"minecraft:wooden_shovel":1,"minecraft:cooked_porkchop":1,"minecraft:crafting_table":8,"minecraft:spruce_planks":196,"minecraft:wooden_pickaxe":3,"minecraft:spruce_door":6,"minecraft:copper_ingot":179,"minecraft:campfire":1,"minecraft:stone_brick_stairs":31,"minecraft:iron_chestplate":1,"minecraft:charcoal":7,"minecraft:stick":68,"minecraft:iron_ingot":20,"minecraft:iron_pickaxe":4,"minecraft:stone_sword":2,"chileancraft:moneda_de_50":144,"minecraft:shears":1,"minecraft:polished_andesite":127,"chileancraft:copper_nugget":756,"minecraft:wooden_sword":3,"minecraft:stone_shovel":1,"minecraft:fishing_rod":1,"minecraft:iron_nugget":36,"minecraft:furnace":2,"chileancraft:armadura_de_cobre_helmet":1,"minecraft:flint_and_steel":1,"minecraft:lantern":4,"minecraft:iron_axe":1,"minecraft:spruce_wood":3,"minecraft:stone_pickaxe":8,"minecraft:spruce_boat":5,"chileancraft:moneda_de_500":14,"minecraft:cooked_beef":2,"minecraft:cooked_cod":5,"minecraft:diamond_sword":1,"minecraft:iron_sword":1,"minecraft:cooked_salmon":2,"chileancraft:moneda_de_10":720,"minecraft:white_wool":2,"minecraft:wooden_axe":3,"chileancraft:mil_pesos":7,"minecraft:iron_shovel":2,"minecraft:stonecutter":1,"minecraft:white_bed":1,"chileancraft:moneda_de_100":72,"minecraft:torch":20},"minecraft:broken":{"minecraft:iron_shovel":1,"minecraft:stone_pickaxe":4,"minecraft:wooden_axe":1,"minecraft:wooden_pickaxe":1,"minecraft:iron_pickaxe":4},"minecraft:killed":{"minecraft:spider":1,"minecraft:skeleton":2,"minecraft:chicken":2,"minecraft:pig":3,"minecraft:salmon":2,"minecraft:sheep":1,"minecraft:zombie":6,"minecraft:drowned":1},"minecraft:mined":{"minecraft:spruce_planks":2,"minecraft:white_bed":8,"minecraft:granite":36,"minecraft:grass_block":128,"minecraft:iron_ore":53,"minecraft:brown_bed":1,"minecraft:dirt_path":1,"minecraft:brown_mushroom":2,"minecraft:torch":9,"minecraft:chest":1,"chileancraft:remolino":2,"minecraft:cobblestone":41,"minecraft:sugar_cane":7,"minecraft:oak_planks":1,"minecraft:wall_torch":7,"chileancraft:manzanilla":1,"minecraft:birch_log":5,"minecraft:wheat":8,"minecraft:lilac":10,"minecraft:grass":96,"minecraft:oak_log":53,"minecraft:sand":30,"minecraft:dirt":629,"minecraft:raw_copper_block":1,"minecraft:red_mushroom_block":2,"minecraft:oak_leaves":10,"minecraft:glow_lichen":1,"minecraft:spruce_leaves":57,"minecraft:sandstone":28,"minecraft:large_fern":2,"minecraft:hay_block":5,"minecraft:oak_trapdoor":1,"minecraft:andesite":177,"minecraft:stripped_spruce_log":3,"minecraft:lantern":1,"minecraft:stone":1209,"minecraft:spruce_door":3,"minecraft:crafting_table":8,"minecraft:rose_bush":2,"minecraft:tall_grass":6,"minecraft:copper_ore":57,"minecraft:lapis_ore":8,"minecraft:diorite":44,"minecraft:cobblestone_wall":2,"minecraft:spruce_log":116,"minecraft:birch_leaves":4,"minecraft:coal_ore":62,"minecraft:gravel":42,"minecraft:fern":3},"minecraft:custom":{"minecraft:animals_bred":3,"minecraft:interact_with_crafting_table":111,"minecraft:open_barrel":2,"minecraft:leave_game":16,"minecraft:time_since_death":81039,"minecraft:sprint_one_cm":219544,"minecraft:drop":111,"minecraft:talked_to_villager":4,"minecraft:play_time":657423,"minecraft:deaths":11,"minecraft:jump":6182,"minecraft:walk_on_water_one_cm":191688,"minecraft:interact_with_furnace":65,"minecraft:sleep_in_bed":34,"minecraft:damage_dealt":3691,"minecraft:crouch_one_cm":34061,"minecraft:mob_kills":24,"minecraft:climb_one_cm":5783,"minecraft:walk_one_cm":2949096,"minecraft:sneak_time":10317,"minecraft:walk_under_water_one_cm":83195,"minecraft:boat_one_cm":930063,"minecraft:interact_with_blast_furnace":1,"minecraft:total_world_time":657423,"minecraft:interact_with_stonecutter":27,"minecraft:time_since_rest":9797,"minecraft:damage_taken":4646,"minecraft:swim_one_cm":12823,"minecraft:fly_one_cm":83008,"minecraft:open_chest":213,"minecraft:fish_caught":7,"minecraft:fall_one_cm":54236},"minecraft:killed_by":{"minecraft:creeper":3,"minecraft:drowned":1,"alexsmobs:skelewag":1,"minecraft:player":1,"minecraft:enderman":1,"minecraft:skeleton":4},"minecraft:dropped":{"minecraft:iron_sword":3,"minecraft:crafting_table":3,"minecraft:dirt":4,"chileancraft:mil_pesos":1,"minecraft:cooked_cod":6,"minecraft:wooden_sword":3,"minecraft:sand":1,"minecraft:iron_pickaxe":3,"minecraft:birch_log":1,"minecraft:white_wool":1,"minecraft:bone":5,"minecraft:gravel":1,"chileancraft:pico_de_cobre":2,"minecraft:salmon":1,"minecraft:leather_chestplate":2,"chileancraft:trutruca":1,"minecraft:arrow":2,"minecraft:egg":3,"minecraft:iron_ingot":2,"minecraft:feather":4,"minecraft:cobblestone":12,"minecraft:prismarine_crystals":1,"minecraft:apple":1,"minecraft:granite":1,"minecraft:spruce_door":2,"minecraft:coal":18,"minecraft:polished_andesite":5,"chileancraft:semilla_de_uva_red_globe":4,"minecraft:stick":9,"minecraft:diorite":9,"minecraft:ink_sac":3,"minecraft:iron_shovel":2,"minecraft:tripwire_hook":2,"minecraft:bucket":1,"minecraft:spruce_sapling":1,"minecraft:stone_sword":7,"chileancraft:manzanilla":2,"minecraft:spruce_boat":1,"minecraft:spruce_planks":5,"minecraft:iron_chestplate":1,"minecraft:andesite":1,"minecraft:wooden_shovel":2,"minecraft:brown_bed":1,"minecraft:spider_eye":1},"minecraft:picked_up":{"minecraft:wooden_axe":4,"minecraft:iron_chestplate":8,"minecraft:wheat":8,"minecraft:lead":2,"minecraft:diamond_sword":1,"minecraft:oak_stairs":6,"minecraft:brown_bed":2,"minecraft:potion":6,"travelersbackpack:spider":1,"chileancraft:ropa_de_huaso_helmet":1,"minecraft:string":12,"minecraft:raw_copper":405,"minecraft:cooked_salmon":8,"minecraft:cobbled_deepslate":61,"minecraft:bucket":1,"minecraft:spruce_planks":19,"minecraft:rose_bush":2,"minecraft:wooden_shovel":4,"minecraft:iron_pickaxe":7,"minecraft:stick":70,"minecraft:composter":2,"minecraft:torch":20,"minecraft:porkchop":5,"chileancraft:empanada_de_queso":1,"chileancraft:pala_de_cobre":1,"minecraft:diorite":53,"chileancraft:semilla_de_cebolla":2,"minecraft:stone_sword":15,"minecraft:rotten_flesh":24,"minecraft:tropical_fish":3,"chileancraft:telar_top":1,"minecraft:cod":5,"alexsmobs:lobster_tail":1,"minecraft:cobblestone":2017,"minecraft:birch_log":6,"minecraft:leather_chestplate":1,"minecraft:feather":9,"minecraft:lilac":18,"minecraft:andesite":282,"minecraft:potato":29,"minecraft:flint":1,"chileancraft:sopaipilla":2,"minecraft:lapis_lazuli":58,"minecraft:lantern":3,"minecraft:dirt":933,"minecraft:bone":25,"minecraft:wheat_seeds":30,"chileancraft:semilla_de_uva_red_globe":10,"minecraft:oak_planks":9,"minecraft:sand":140,"minecraft:stripped_spruce_log":3,"chileancraft:olla_de_greda_cocida":1,"minecraft:ink_sac":3,"alexsmobs:animal_dictionary":1,"minecraft:polished_andesite":197,"chileancraft:pico_de_cobre":2,"minecraft:diamond":6,"minecraft:spruce_boat":12,"minecraft:granite":68,"minecraft:bread":26,"minecraft:oak_sapling":19,"chileancraft:mil_pesos":10,"minecraft:fishing_rod":2,"minecraft:charcoal":2,"chileancraft:tinaja_de_greda_cocida":1,"minecraft:crafting_table":12,"minecraft:chicken":6,"minecraft:leather_leggings":7,"minecraft:brown_mushroom":4,"minecraft:wooden_pickaxe":2,"chileancraft:semilla_de_tomate_limachino":1,"minecraft:shield":1,"minecraft:wooden_sword":5,"minecraft:iron_axe":5,"minecraft:flint_and_steel":2,"minecraft:iron_shovel":2,"chileancraft:armadura_de_cobre_helmet":1,"minecraft:beef":54,"minecraft:iron_nugget":1,"minecraft:spruce_slab":2,"minecraft:chest":1,"minecraft:sugar_cane":14,"minecraft:raw_copper_block":1,"minecraft:egg":15,"chileancraft:huevo_de_codorniz":1,"minecraft:raw_iron":52,"minecraft:sandstone":109,"minecraft:stone":4,"chileancraft:semilla_de_uva_pais":2,"minecraft:copper_ingot":17,"chileancraft:remolino":4,"chileancraft:moneda_de_100":144,"minecraft:carrot":64,"minecraft:prismarine_crystals":24,"minecraft:tnt":1,"minecraft:cooked_cod":15,"minecraft:arrow":16,"minecraft:stone_shovel":3,"minecraft:diamond_chestplate":1,"minecraft:hay_block":20,"minecraft:gold_ingot":12,"minecraft:mutton":10,"minecraft:white_wool":12,"chileancraft:plato_hondo_de_greda_cocida_item":1,"chileancraft:diguenes":2,"chileancraft:semilla_de_uva_moscatel":6,"chileancraft:armadura_de_cobre_leggings":1,"minecraft:tripwire_hook":4,"minecraft:salmon":4,"minecraft:filled_map":4,"alexsmobs:cachalot_whale_tooth":1,"minecraft:oak_log":127,"minecraft:cobblestone_wall":2,"minecraft:apple":3,"minecraft:stone_bricks":204,"minecraft:kelp":39,"minecraft:stone_pickaxe":3,"minecraft:heart_of_the_sea":3,"minecraft:iron_ingot":63,"minecraft:cooked_chicken":1,"chileancraft:chocman":2,"minecraft:iron_sword":6,"minecraft:sweet_berries":7,"minecraft:gravel":76,"minecraft:lava_bucket":1,"minecraft:blast_furnace":1,"minecraft:spruce_sapling":6,"chileancraft:semilla_de_a_ji_cacho_de_cabra":2,"minecraft:white_bed":8,"minecraft:spruce_log":237,"chileancraft:semilla_de_choclo":4,"chileancraft:trutruca":1,"minecraft:spruce_door":6,"minecraft:spider_eye":3,"chileancraft:ropa_mapuche_0_chestplate":4,"chileancraft:manzanilla":4,"minecraft:coal":133,"chileancraft:armadura_de_cobre_chestplate":1}},"DataVersion":3120}